"SCRNO","ID","RID","SITEID","VISCODE","USERDATE","USERDATE2","SHQADMIN","EXAMDATE","SHQEVER","SHQCURR","SHQTYPECUR","SHQCIGDAY","SHQCIGYRS","SHQCGRDAY","SHQCGRYRS","SHQPIPEDAY","SHQPIPEYRS","SHQTOTYR","SHQSTART","SHQCWAKEUP","SHQCREFRN","SHQCGIVEUP","SHQCFREQ","SHQCILL","SHQFTYPE","SHQFCIGDAY","SHQFCGRDAY","SHQFPIPDAY","SHQFTOTYR","SHQFSTART","SHQFSTOP","update_stamp"
"0002610","624","26","1","sc3va","2017-10-31","","1","2017-01-26","0","","-4","-4.0","-4.0","-4.0","-4.0","-4.0","-4.0","-4.0","-4.0","","","","","","-4","-4.0","-4.0","-4.0","-4.0","-4.0","-4.0","2017-10-31 22:02:51.0"
"0006315","184","63","1","sc3va","2014-05-05","","1","2014-04-14","1","0","-4","-4.0","-4.0","-4.0","-4.0","-4.0","-4.0","-4.0","-4.0","","","","","","1","10.0","0.0","0.0","25.0","16.0","50.0","2014-05-06 02:05:36.0"
"0006315","460","63","1","m12va2","2016-05-20","","1","2015-06-25","1","0","-4","-4.0","-4.0","-4.0","-4.0","-4.0","-4.0","-4.0","-4.0","","","","","","1","10.0","0.0","0.0","30.0","16.0","53.0","2016-05-20 22:21:22.0"
"0006618","32","66","1","sc3va","2013-08-12","","1","2013-07-30","1","0","-4","-4.0","-4.0","-4.0","-4.0","-4.0","-4.0","-4.0","-4.0","","","","","","1","10.0","0.0","0.0","20.0","15.0","35.0","2013-08-13 02:04:14.0"
"0006618","458","66","1","m12va2","2016-05-20","","1","2014-09-18","1","0","-4","-4.0","-4.0","-4.0","-4.0","-4.0","-4.0","-4.0","-4.0","","","","","","1","13.0","0.0","0.0","12.0","15.0","38.0","2016-05-20 22:21:22.0"
"0007721","302","77","1","sc3va","2015-06-10","","0","","","","-4","-4.0","-4.0","-4.0","-4.0","-4.0","-4.0","-4.0","-4.0","","","","","","-4","-4.0","-4.0","-4.0","-4.0","-4.0","-4.0","2015-06-11 02:06:18.0"
"0008319","4","83","1","sc3va","2013-07-03","","1","2013-05-28","1","0","-4","-4.0","-4.0","-4.0","-4.0","-4.0","-4.0","-4.0","-4.0","","","","","","1:2:3","20.0","2.0","1.0","25.0","13.0","38.0","2013-07-23 11:23:15.0"
"0008319","272","83","1","m12va2","2014-10-29","","1","2014-10-09","1","0","-4","-4.0","-4.0","-4.0","-4.0","-4.0","-4.0","-4.0","-4.0","","","","","","1:2:3","20.0","2.0","1.0","25.0","13.0","38.0","2014-10-30 02:06:40.0"
"0011813","6","120","1","sc3va","2013-07-03","","1","2013-06-06","0","","-4","-4.0","-4.0","-4.0","-4.0","-4.0","-4.0","-4.0","-4.0","","","","","","-4","-4.0","-4.0","-4.0","-4.0","-4.0","-4.0","2013-07-23 11:23:15.0"
"0011813","246","120","1","m12va2","2014-08-25","","1","2014-08-07","0","","-4","-4.0","-4.0","-4.0","-4.0","-4.0","-4.0","-4.0","-4.0","","","","","","-4","-4.0","-4.0","-4.0","-4.0","-4.0","-4.0","2014-08-26 02:06:40.0"
"0012310","8","125","1","sc3va","2013-07-03","","1","2013-05-06","0","","-4","-4.0","-4.0","-4.0","-4.0","-4.0","-4.0","-4.0","-4.0","","","","","","-4","-4.0","-4.0","-4.0","-4.0","-4.0","-4.0","2013-07-23 11:23:15.0"
"0012310","456","125","1","m12va2","2016-05-20","","1","2014-10-20","0","","-4","-4.0","-4.0","-4.0","-4.0","-4.0","-4.0","-4.0","-4.0","","","","","","-4","-4.0","-4.0","-4.0","-4.0","-4.0","-4.0","2016-05-20 22:21:22.0"
"0013009","80","136","1","sc3va","2013-11-18","","1","2013-07-16","1","0","-4","-4.0","-4.0","-4.0","-4.0","-4.0","-4.0","-4.0","-4.0","","","","","","1","2.5","0.0","0.0","40.0","21.0","63.0","2013-11-20 02:04:48.0"
"0013009","256","136","1","m12va2","2014-09-09","","1","2014-08-28","1","1","1","1.5","35.0","0.0","0.0","0.0","0.0","-1.0","-1.0","2","0","1","1","0","-4","-4.0","-4.0","-4.0","-4.0","-4.0","-4.0","2014-09-10 02:06:50.0"
"0013413","42","140","1","sc3va","2013-09-23","","1","2013-09-17","1","0","-4","-4.0","-4.0","-4.0","-4.0","-4.0","-4.0","-4.0","-4.0","","","","","","1","20.0","0.0","0.0","12.0","23.0","35.0","2013-09-24 02:04:10.0"
"0013413","586","140","1","m12va2","2017-02-08","","0","","","","-4","-4.0","-4.0","-4.0","-4.0","-4.0","-4.0","-4.0","-4.0","","","","","","-4","-4.0","-4.0","-4.0","-4.0","-4.0","-4.0","2017-02-08 22:16:05.0"
"0014011","170","146","1","sc3va","2014-04-21","","1","2014-04-16","1","1","2","0.0","0.0","3.0","2.0","0.0","0.0","37.0","17.0","","","","","","1","30.0","0.0","0.0","35.0","17.0","50.0","2014-04-22 02:05:35.0"
"0014011","514","146","1","m12va2","2016-10-28","","0","","","","-4","-4.0","-4.0","-4.0","-4.0","-4.0","-4.0","-4.0","-4.0","","","","","","-4","-4.0","-4.0","-4.0","-4.0","-4.0","-4.0","2016-10-28 22:14:53.0"
"0014314","56","149","1","sc3va","2013-10-16","","1","2013-09-19","1","0","-4","-4.0","-4.0","-4.0","-4.0","-4.0","-4.0","-4.0","-4.0","","","","","","1:3","12.5","0.0","1.5","21.2","17.5","40.0","2013-10-17 02:04:22.0"
"0014415","50","150","1","sc3va","2013-10-07","","1","2013-09-26","1","0","-4","-4.0","-4.0","-4.0","-4.0","-4.0","-4.0","-4.0","-4.0","","","","","","1:2:3","30.0","1.0","0.5","20.0","19.0","50.0","2013-10-08 02:04:19.0"
"0015114","68","157","1","sc3va","2013-11-04","","1","2013-08-28","1","1","1","22.5","10.0","0.0","0.0","0.0","0.0","47.0","18.0","2","0","2","0","0","-4","-4.0","-4.0","-4.0","-4.0","-4.0","-4.0","2013-11-05 02:04:42.0"
"0015114","392","157","1","m12va2","2015-11-30","","1","2015-01-27","1","0","-4","-4.0","-4.0","-4.0","-4.0","-4.0","-4.0","-4.0","-4.0","","","","","","1","20.0","0.0","0.0","50.0","16.0","66.0","2015-12-01 02:06:25.0"
"0015619","10","162","1","sc3va","2013-07-03","","1","2013-05-24","0","","-4","-4.0","-4.0","-4.0","-4.0","-4.0","-4.0","-4.0","-4.0","","","","","","-4","-4.0","-4.0","-4.0","-4.0","-4.0","-4.0","2013-07-23 11:23:15.0"
"0016722","12","173","1","sc3va","2013-07-03","","1","2013-06-14","0","","-4","-4.0","-4.0","-4.0","-4.0","-4.0","-4.0","-4.0","-4.0","","","","","","-4","-4.0","-4.0","-4.0","-4.0","-4.0","-4.0","2013-07-23 11:23:15.0"
"0016722","258","173","1","m12va2","2014-09-10","","1","2014-08-21","0","","-4","-4.0","-4.0","-4.0","-4.0","-4.0","-4.0","-4.0","-4.0","","","","","","-4","-4.0","-4.0","-4.0","-4.0","-4.0","-4.0","2014-09-11 02:06:50.0"
"0017017","244","176","1","m12va2","2014-08-25","","1","2014-07-31","1","0","-4","-4.0","-4.0","-4.0","-4.0","-4.0","-4.0","-4.0","-4.0","","","","","","1","2.0","0.0","0.0","2.0","11.0","12.5","2014-08-26 02:06:40.0"
"0017522","14","181","1","sc3va","2013-07-03","","1","2013-05-10","0","","-4","-4.0","-4.0","-4.0","-4.0","-4.0","-4.0","-4.0","-4.0","","","","","","-4","-4.0","-4.0","-4.0","-4.0","-4.0","-4.0","2013-07-23 11:23:15.0"
"0019526","20","201","1","sc3va","2013-07-05","","1","2013-06-27","1","0","-4","-4.0","-4.0","-4.0","-4.0","-4.0","-4.0","-4.0","-4.0","","","","","","1","60.0","0.0","0.0","17.0","21.0","37.0","2013-07-23 11:23:15.0"
"0019526","262","201","1","m12va2","2014-09-10","","1","2014-08-06","1","0","-4","-4.0","-4.0","-4.0","-4.0","-4.0","-4.0","-4.0","-4.0","","","","","","1","60.0","0.0","0.0","15.0","20.0","41.0","2014-09-11 02:06:50.0"
"0020006","232","206","1","sc3va","2014-08-13","","1","2014-08-04","1","0","-4","-4.0","-4.0","-4.0","-4.0","-4.0","-4.0","-4.0","-4.0","","","","","","1","40.0","0.0","0.0","20.0","13.0","33.0","2014-08-15 02:06:35.0"
"0021816","130","224","1","sc3va","2014-02-21","","1","2013-07-15","1","0","-4","-4.0","-4.0","-4.0","-4.0","-4.0","-4.0","-4.0","-4.0","","","","","","1","15.0","0.0","0.0","5.0","18.0","38.0","2014-02-22 02:05:15.0"
"0023113","16","237","1","sc3va","2013-07-05","","1","2013-05-13","0","","-4","-4.0","-4.0","-4.0","-4.0","-4.0","-4.0","-4.0","-4.0","","","","","","-4","-4.0","-4.0","-4.0","-4.0","-4.0","-4.0","2013-07-23 11:23:15.0"
"0023113","238","237","1","m12va2","2014-08-19","","1","2014-08-14","0","","-4","-4.0","-4.0","-4.0","-4.0","-4.0","-4.0","-4.0","-4.0","","","","","","-4","-4.0","-4.0","-4.0","-4.0","-4.0","-4.0","2014-08-20 02:06:38.0"
"0024822","126","254","1","sc3va","2014-02-21","","1","2013-09-04","1","1","1","20.0","5.0","0.0","0.0","0.0","0.0","48.0","17.0","2","0","1","0","0","-4","-4.0","-4.0","-4.0","-4.0","-4.0","-4.0","2014-02-22 02:05:15.0"
"0025622","34","263","1","sc3va","2013-09-03","","1","2013-08-19","1","1","1","1.5","10.0","0.0","0.0","0.0","0.0","40.0","16.0","2","0","2","0","0","1","1.5","0.0","0.0","40.0","16.0","60.0","2013-09-07 02:04:11.0"
"0025622","278","263","1","m12va2","2014-12-11","","1","2014-11-20","1","1","1","5.0","1.0","0.0","0.0","0.0","0.0","40.0","16.0","2","0","2","0","0","-4","-4.0","-4.0","-4.0","-4.0","-4.0","-4.0","2014-12-12 02:07:00.0"
"0027626","18","286","1","sc3va","2013-07-05","","1","2013-06-17","1","0","-4","-4.0","-4.0","-4.0","-4.0","-4.0","-4.0","-4.0","-4.0","","","","","","1","40.0","0.0","0.0","20.0","12.0","32.0","2013-07-23 11:23:15.0"
"0027626","248","286","1","m12va2","2014-08-25","","1","2014-08-04","1","0","-4","-4.0","-4.0","-4.0","-4.0","-4.0","-4.0","-4.0","-4.0","","","","","","1","20.0","0.0","0.0","20.0","12.0","32.0","2014-08-26 02:06:40.0"
"0028022","118","290","1","sc3va","2014-02-21","","1","2013-11-20","1","0","-4","-4.0","-4.0","-4.0","-4.0","-4.0","-4.0","-4.0","-4.0","","","","","","1","12.0","0.0","0.0","1.0","21.0","22.0","2014-02-22 02:05:15.0"
"0028022","336","290","1","m12va2","2015-07-30","","1","2015-04-13","0","","-4","-4.0","-4.0","-4.0","-4.0","-4.0","-4.0","-4.0","-4.0","","","","","","-4","-4.0","-4.0","-4.0","-4.0","-4.0","-4.0","2015-08-04 15:49:56.0"
"0028830","672","298","1","sc3va","2017-11-28","","0","","","","-4","-4.0","-4.0","-4.0","-4.0","-4.0","-4.0","-4.0","-4.0","","","","","","-4","-4.0","-4.0","-4.0","-4.0","-4.0","-4.0","2017-11-28 22:03:52.0"
"0031920","30","329","1","sc3va","2013-08-12","","1","2013-07-30","1","1","1","2.0","49.0","0.0","0.0","0.0","0.0","49.0","19.0","2","0","","0","0","-4","-4.0","-4.0","-4.0","-4.0","-4.0","-4.0","2013-08-13 02:04:14.0"
"0032114","28","331","1","sc3va","2013-08-12","","1","2013-07-29","0","","-4","-4.0","-4.0","-4.0","-4.0","-4.0","-4.0","-4.0","-4.0","","","","","","-4","-4.0","-4.0","-4.0","-4.0","-4.0","-4.0","2013-08-13 02:04:14.0"
"0032114","260","331","1","m12va2","2014-09-10","","1","2014-09-03","0","","-4","-4.0","-4.0","-4.0","-4.0","-4.0","-4.0","-4.0","-4.0","","","","","","-4","-4.0","-4.0","-4.0","-4.0","-4.0","-4.0","2014-09-11 02:06:50.0"
"0032821","82","338","1","sc3va","2013-11-25","","1","2013-11-11","0","","-4","-4.0","-4.0","-4.0","-4.0","-4.0","-4.0","-4.0","-4.0","","","","","","-4","-4.0","-4.0","-4.0","-4.0","-4.0","-4.0","2013-11-26 02:04:46.0"
"0032821","590","338","1","m12va2","2017-02-14","","0","","","","-4","-4.0","-4.0","-4.0","-4.0","-4.0","-4.0","-4.0","-4.0","","","","","","-4","-4.0","-4.0","-4.0","-4.0","-4.0","-4.0","2017-02-14 22:15:47.0"
"0032922","26","339","1","sc3va","2013-08-12","","1","2013-07-26","1","1","1","8.0","0.5","0.0","0.0","0.0","0.0","45.0","18.0","2","0","2","0","0","-4","-4.0","-4.0","-4.0","-4.0","-4.0","-4.0","2013-08-13 02:04:14.0"
"0032922","418","339","1","m12va2","2016-04-21","","1","2015-10-23","1","1","1","4.0","1.0","-1.0","-1.0","-1.0","-1.0","40.0","18.0","2","0","1","0","0","-4","-4.0","-4.0","-4.0","-4.0","-4.0","-4.0","2016-04-21 22:25:05.0"
"0035019","24","366","1","sc3va","2013-07-31","","1","2013-07-24","1","0","-4","-4.0","-4.0","-4.0","-4.0","-4.0","-4.0","-4.0","-4.0","","","","","","1:3","1.0","0.0","1.0","0.3","17.0","17.0","2013-08-01 02:06:06.0"
"0035019","292","366","1","m12va2","2015-03-09","","1","2015-02-18","1","0","-4","-4.0","-4.0","-4.0","-4.0","-4.0","-4.0","-4.0","-4.0","","","","","","1:3","0.5","0.0","1.0","0.0","17.0","17.0","2015-03-10 02:06:46.0"
"0036122","2","377","1","sc3va","2013-07-03","2013-07-03","1","2013-06-18","1","0","-4","-4.0","-4.0","-4.0","-4.0","-4.0","-4.0","-4.0","-4.0","","","","","","1:3","59.0","0.0","3.5","31.0","15.0","46.0","2013-07-23 11:23:15.0"
"0037629","74","393","1","sc3va","2013-11-12","","1","2013-11-12","1","0","-4","-4.0","-4.0","-4.0","-4.0","-4.0","-4.0","-4.0","-4.0","","","","","","1","25.0","0.0","0.0","30.0","18.0","57.0","2013-11-13 02:04:44.0"
"0038227","36","399","1","sc3va","2013-09-03","","1","2013-08-21","1","0","-4","-4.0","-4.0","-4.0","-4.0","-4.0","-4.0","-4.0","-4.0","","","","","","1","20.0","0.0","0.0","19.0","19.0","38.0","2013-09-07 02:04:11.0"
"0038227","266","399","1","m12va2","2014-10-01","","1","2014-09-29","1","0","-4","-4.0","-4.0","-4.0","-4.0","-4.0","-4.0","-4.0","-4.0","","","","","","1","30.0","0.0","0.0","19.0","18.0","37.0","2014-10-02 02:07:05.0"
"0038833","22","405","1","sc3va","2013-07-31","","1","2013-07-25","1","0","-4","-4.0","-4.0","-4.0","-4.0","-4.0","-4.0","-4.0","-4.0","","","","","","3","0.0","0.0","5.0","30.0","15.0","45.0","2013-08-01 02:06:06.0"
"0041317","40","430","1","sc3va","2013-09-11","","1","2013-08-28","1","0","-4","-4.0","-4.0","-4.0","-4.0","-4.0","-4.0","-4.0","-4.0","","","","","","1:2","1.5","1.0","0.0","10.0","16.0","50.0","2013-09-12 02:04:06.0"
"0042521","48","442","1","sc3va","2013-09-30","","1","2013-09-26","1","0","-4","-4.0","-4.0","-4.0","-4.0","-4.0","-4.0","-4.0","-4.0","","","","","","1","20.0","0.0","0.0","30.0","20.0","50.0","2013-10-01 02:04:21.0"
"0043523","144","454","1","sc3va","2014-03-17","","1","2014-01-29","0","","-4","-4.0","-4.0","-4.0","-4.0","-4.0","-4.0","-4.0","-4.0","","","","","","-4","-4.0","-4.0","-4.0","-4.0","-4.0","-4.0","2014-03-18 02:05:27.0"
"0043523","324","454","1","m12va2","2015-07-29","","1","2015-03-10","0","","-4","-4.0","-4.0","-4.0","-4.0","-4.0","-4.0","-4.0","-4.0","","","","","","-4","-4.0","-4.0","-4.0","-4.0","-4.0","-4.0","2015-08-04 15:49:56.0"
"0044020","64","459","1","sc3va","2013-10-28","","1","2013-10-17","0","","-4","-4.0","-4.0","-4.0","-4.0","-4.0","-4.0","-4.0","-4.0","","","","","","-4","-4.0","-4.0","-4.0","-4.0","-4.0","-4.0","2013-10-29 02:04:48.0"
"0044020","350","459","1","m12va2","2015-08-03","","1","2015-05-11","0","","-4","-4.0","-4.0","-4.0","-4.0","-4.0","-4.0","-4.0","-4.0","","","","","","-4","-4.0","-4.0","-4.0","-4.0","-4.0","-4.0","2015-08-04 15:49:56.0"
"0046933","38","489","1","sc3va","2013-09-11","","1","2013-09-05","1","0","-4","-4.0","-4.0","-4.0","-4.0","-4.0","-4.0","-4.0","-4.0","","","","","","3","0.0","0.0","4.5","25.0","17.0","63.0","2013-09-12 02:04:06.0"
"0046933","270","489","1","m12va2","2014-10-29","","1","2014-10-02","1","0","-4","-4.0","-4.0","-4.0","-4.0","-4.0","-4.0","-4.0","-4.0","","","","","","3","0.0","4.0","5.0","37.0","20.0","65.0","2014-10-30 02:06:40.0"
"0047632","620","496","1","sc3va","2017-10-30","","1","2016-12-16","0","","-4","-4.0","-4.0","-4.0","-4.0","-4.0","-4.0","-4.0","-4.0","","","","","","-4","-4.0","-4.0","-4.0","-4.0","-4.0","-4.0","2017-10-30 22:02:51.0"
"0047834","46","498","1","sc3va","2013-09-30","","1","2013-09-18","1","1","1","25.0","50.0","0.0","0.0","0.0","0.0","45.0","16.0","1","1","2","0","1","-4","-4.0","-4.0","-4.0","-4.0","-4.0","-4.0","2013-10-01 02:04:21.0"
"0048937","52","509","1","sc3va","2013-10-16","","1","2013-09-26","1","0","-4","-4.0","-4.0","-4.0","-4.0","-4.0","-4.0","-4.0","-4.0","","","","","","1","50.0","0.0","0.0","30.0","14.0","43.0","2013-10-17 02:04:22.0"
"0049131","54","512","1","sc3va","2013-10-16","","1","2013-09-30","1","0","-4","-4.0","-4.0","-4.0","-4.0","-4.0","-4.0","-4.0","-4.0","","","","","","1:3","3.0","0.0","1.0","14.0","19.0","33.0","2013-10-17 02:04:22.0"
"0049434","44","516","1","sc3va","2013-09-30","","1","2013-09-16","1","0","-4","-4.0","-4.0","-4.0","-4.0","-4.0","-4.0","-4.0","-4.0","","","","","","1","10.0","0.0","0.0","28.0","21.0","51.0","2013-10-01 02:04:21.0"
"0053829","66","560","1","sc3va","2013-11-04","","1","2013-10-21","1","0","-4","-4.0","-4.0","-4.0","-4.0","-4.0","-4.0","-4.0","-4.0","","","","","","1:2:3","7.0","4.0","2.0","12.0","18.0","30.0","2013-11-05 02:04:42.0"
"0053829","282","560","1","m12va2","2014-12-11","","1","2014-12-08","1","0","-4","-4.0","-4.0","-4.0","-4.0","-4.0","-4.0","-4.0","-4.0","","","","","","1:2:3","-1.0","4.0","1.0","12.0","18.0","30.0","2014-12-12 02:07:00.0"
"0057231","220","594","1","sc3va","2014-07-14","","1","2014-07-01","0","","-4","-4.0","-4.0","-4.0","-4.0","-4.0","-4.0","-4.0","-4.0","","","","","","-4","-4.0","-4.0","-4.0","-4.0","-4.0","-4.0","2014-07-15 02:06:12.0"
"0122620","138","1311","1","sc3va","2014-03-10","","1","2014-02-20","1","0","-4","-4.0","-4.0","-4.0","-4.0","-4.0","-4.0","-4.0","-4.0","","","","","","1","-1.0","0.0","0.0","7.0","15.0","22.0","2014-03-11 02:05:28.0"
"0122620","688","1311","1","m12va2","2017-12-04","","1","2015-05-20","1","0","-4","-4.0","-4.0","-4.0","-4.0","-4.0","-4.0","-4.0","-4.0","","","","","","1","-1.0","0.0","0.0","6.0","15.0","24.0","2017-12-04 22:02:59.0"
"0130215","212","1396","1","sc3va","2014-06-30","","1","2014-06-23","1","0","-4","-4.0","-4.0","-4.0","-4.0","-4.0","-4.0","-4.0","-4.0","","","","","","1:3","35.0","0.0","7.0","31.0","16.0","49.0","2014-07-01 02:06:07.0"
"0129331","164","1387","1","sc3va","2014-04-14","","1","2014-04-07","1","0","-4","-4.0","-4.0","-4.0","-4.0","-4.0","-4.0","-4.0","-4.0","","","","","","1:2:3","45.0","2.5","3.5","24.0","16.0","40.0","2014-04-15 02:05:29.0"
"0063832","222","681","1","sc3va","2014-07-16","","1","2014-07-10","1","0","-4","-4.0","-4.0","-4.0","-4.0","-4.0","-4.0","-4.0","-4.0","","","","","","1:2","3.0","1.0","1.0","1.0","25.0","26.0","2014-07-17 02:06:09.0"
"0063832","420","681","1","m12va2","2016-04-21","","1","2016-01-15","1","0","-4","-4.0","-4.0","-4.0","-4.0","-4.0","-4.0","-4.0","-4.0","","","","","","1:2:3","5.0","1.0","0.0","1.0","25.0","26.0","2016-04-21 22:25:05.0"
"0064733","182","690","1","sc3va","2014-05-05","","1","2014-02-10","1","0","-4","-4.0","-4.0","-4.0","-4.0","-4.0","-4.0","-4.0","-4.0","","","","","","1","20.0","0.0","0.0","20.0","18.0","44.0","2014-05-06 02:05:36.0"
"0064733","330","690","1","m12va2","2015-07-29","","1","2015-03-25","1","0","-4","-4.0","-4.0","-4.0","-4.0","-4.0","-4.0","-4.0","-4.0","","","","","","1","20.0","0.0","0.0","22.0","18.0","40.0","2015-08-04 15:49:56.0"
"0067436","58","717","1","sc3va","2013-10-16","","1","2013-10-01","1","0","-4","-4.0","-4.0","-4.0","-4.0","-4.0","-4.0","-4.0","-4.0","","","","","","1","40.0","0.0","0.0","30.0","18.0","48.0","2013-10-17 02:04:22.0"
"0068034","60","723","1","sc3va","2013-10-28","","1","2013-10-21","1","0","-4","-4.0","-4.0","-4.0","-4.0","-4.0","-4.0","-4.0","-4.0","","","","","","1","3.0","0.0","0.0","4.0","16.0","20.0","2013-10-29 02:04:48.0"
"0068236","100","725","1","sc3va","2014-01-13","","1","2014-01-02","1","1","1","3.5","1.5","0.0","0.0","0.0","0.0","13.0","14.0","2","0","1","0","0","-4","-4.0","-4.0","-4.0","-4.0","-4.0","-4.0","2014-01-14 02:04:53.0"
"0068236","352","725","1","m12va2","2015-08-03","","1","2015-05-11","1","1","1","2.0","2.0","0.0","0.0","0.0","0.0","10.0","15.0","2","0","2","0","0","-4","-4.0","-4.0","-4.0","-4.0","-4.0","-4.0","2015-08-04 15:49:56.0"
"0071326","76","756","1","sc3va","2013-11-18","","1","2013-11-07","0","","-4","-4.0","-4.0","-4.0","-4.0","-4.0","-4.0","-4.0","-4.0","","","","","","-4","-4.0","-4.0","-4.0","-4.0","-4.0","-4.0","2013-11-20 02:04:48.0"
"0071326","462","756","1","m12va2","2016-05-20","","1","2015-02-04","0","","-4","-4.0","-4.0","-4.0","-4.0","-4.0","-4.0","-4.0","-4.0","","","","","","-4","-4.0","-4.0","-4.0","-4.0","-4.0","-4.0","2016-05-20 22:21:22.0"
"0074635","354","789","1","m12va2","2015-08-03","","1","2015-05-12","0","","-4","-4.0","-4.0","-4.0","-4.0","-4.0","-4.0","-4.0","-4.0","","","","","","-4","-4.0","-4.0","-4.0","-4.0","-4.0","-4.0","2015-08-04 15:49:56.0"
"0074837","70","791","1","sc3va","2013-11-12","","1","2013-10-23","1","0","-4","-4.0","-4.0","-4.0","-4.0","-4.0","-4.0","-4.0","-4.0","","","","","","1:2:3","55.0","1.0","2.0","15.0","13.0","28.0","2013-11-13 02:04:44.0"
"0074837","288","791","1","m12va2","2014-12-17","","1","2014-12-10","1","0","-4","-4.0","-4.0","-4.0","-4.0","-4.0","-4.0","-4.0","-4.0","","","","","","1:2:3","50.0","3.0","2.0","35.0","15.0","48.0","2014-12-18 02:06:56.0"
"0078643","94","831","1","sc3va","2014-01-02","","1","2013-12-18","0","","-4","-4.0","-4.0","-4.0","-4.0","-4.0","-4.0","-4.0","-4.0","","","","","","-4","-4.0","-4.0","-4.0","-4.0","-4.0","-4.0","2014-01-03 02:04:51.0"
"0078643","316","831","1","m12va2","2015-07-28","","1","2015-01-29","0","","-4","-4.0","-4.0","-4.0","-4.0","-4.0","-4.0","-4.0","-4.0","","","","","","-4","-4.0","-4.0","-4.0","-4.0","-4.0","-4.0","2015-07-29 08:55:04.0"
"0079443","96","840","1","sc3va","2014-01-13","","1","2014-01-02","1","0","-4","-4.0","-4.0","-4.0","-4.0","-4.0","-4.0","-4.0","-4.0","","","","","","1:2:3","15.0","2.0","1.0","8.0","16.0","24.0","2014-01-14 02:04:53.0"
"0079443","478","840","1","m12va2","2016-05-25","","1","2015-11-25","1","0","-4","-4.0","-4.0","-4.0","-4.0","-4.0","-4.0","-4.0","-4.0","","","","","","1","20.0","1.0","0.0","6.0","16.0","22.0","2016-05-25 22:22:05.0"
"0079847","86","846","1","sc3va","2013-12-09","","1","2013-12-03","0","","-4","-4.0","-4.0","-4.0","-4.0","-4.0","-4.0","-4.0","-4.0","","","","","","-4","-4.0","-4.0","-4.0","-4.0","-4.0","-4.0","2013-12-10 02:04:49.0"
"0079847","550","846","1","m12va2","2016-12-23","","1","2015-02-09","0","","-4","-4.0","-4.0","-4.0","-4.0","-4.0","-4.0","-4.0","-4.0","","","","","","-4","-4.0","-4.0","-4.0","-4.0","-4.0","-4.0","2016-12-23 22:15:12.0"
"0080428","84","852","1","sc3va","2013-11-25","","1","2013-11-12","0","","-4","-4.0","-4.0","-4.0","-4.0","-4.0","-4.0","-4.0","-4.0","","","","","","-4","-4.0","-4.0","-4.0","-4.0","-4.0","-4.0","2013-11-26 02:04:46.0"
"0080428","582","852","1","m12va2","2016-12-23","","1","2016-04-14","0","","-4","-4.0","-4.0","-4.0","-4.0","-4.0","-4.0","-4.0","-4.0","","","","","","-4","-4.0","-4.0","-4.0","-4.0","-4.0","-4.0","2016-12-23 22:15:12.0"
"0083737","598","889","1","sc3va","2017-02-14","","1","2016-12-06","1","0","-4","-4.0","-4.0","-4.0","-4.0","-4.0","-4.0","-4.0","-4.0","","","","","","1:3","22.5","0.0","1.0","20.0","18.0","39.0","2017-02-14 22:15:47.0"
"0084739","72","899","1","sc3va","2013-11-12","","1","2013-10-29","1","0","-4","-4.0","-4.0","-4.0","-4.0","-4.0","-4.0","-4.0","-4.0","","","","","","1","3.5","0.0","0.0","6.0","22.0","29.0","2013-11-13 02:04:44.0"
"0084739","552","899","1","m12va2","2016-12-23","","1","2015-03-12","1","0","-4","-4.0","-4.0","-4.0","-4.0","-4.0","-4.0","-4.0","-4.0","","","","","","1","2.0","0.0","0.0","5.0","23.0","28.0","2016-12-23 22:15:12.0"
"0084840","106","900","1","sc3va","2014-01-27","","1","2014-01-09","0","","-4","-4.0","-4.0","-4.0","-4.0","-4.0","-4.0","-4.0","-4.0","","","","","","-4","-4.0","-4.0","-4.0","-4.0","-4.0","-4.0","2014-01-28 02:05:08.0"
"0085640","464","909","1","m12va2","2016-05-20","","1","2015-03-19","0","","-4","-4.0","-4.0","-4.0","-4.0","-4.0","-4.0","-4.0","-4.0","","","","","","-4","-4.0","-4.0","-4.0","-4.0","-4.0","-4.0","2016-05-20 22:21:22.0"
"0085640","466","909","1","sc3va","2016-05-20","","1","2014-03-18","0","","-4","-4.0","-4.0","-4.0","-4.0","-4.0","-4.0","-4.0","-4.0","","","","","","-4","-4.0","-4.0","-4.0","-4.0","-4.0","-4.0","2016-05-20 22:21:22.0"
"0086440","62","918","1","sc3va","2013-10-28","","1","2013-10-17","1","1","1:2","20.0","50.0","20.0","50.0","0.0","0.0","50.0","17.0","2","0","2","1","0","-4","-4.0","-4.0","-4.0","-4.0","-4.0","-4.0","2013-10-29 02:04:48.0"
"0087442","128","929","1","sc3va","2014-02-21","","1","2013-11-22","0","","-4","-4.0","-4.0","-4.0","-4.0","-4.0","-4.0","-4.0","-4.0","","","","","","-4","-4.0","-4.0","-4.0","-4.0","-4.0","-4.0","2014-02-22 02:05:15.0"
"0087947","134","934","1","sc3va","2014-03-04","","1","2014-02-25","1","0","-4","-4.0","-4.0","-4.0","-4.0","-4.0","-4.0","-4.0","-4.0","","","","","","1:2:3","10.0","1.5","2.0","23.0","17.0","31.0","2014-03-05 02:05:26.0"
"0088343","206","938","1","sc3va","2014-06-02","","1","2014-05-27","1","0","-4","-4.0","-4.0","-4.0","-4.0","-4.0","-4.0","-4.0","-4.0","","","","","","1","20.0","0.0","0.0","31.0","17.0","48.0","2014-06-03 02:05:41.0"
"0088343","556","938","1","m12va2","2016-12-23","","1","2015-06-30","1","0","-4","-4.0","-4.0","-4.0","-4.0","-4.0","-4.0","-4.0","-4.0","","","","","","1","40.0","0.0","0.0","35.0","17.0","52.0","2016-12-23 22:15:12.0"
"0088747","116","942","1","sc3va","2014-02-21","","1","2013-11-15","1","0","-4","-4.0","-4.0","-4.0","-4.0","-4.0","-4.0","-4.0","-4.0","","","","","","1","10.0","0.0","0.0","10.0","16.0","26.0","2014-02-22 02:05:15.0"
"0088747","314","942","1","m12va2","2015-07-28","","1","2015-01-20","1","0","-4","-4.0","-4.0","-4.0","-4.0","-4.0","-4.0","-4.0","-4.0","","","","","","1","15.0","0.0","0.0","9.0","16.0","27.0","2015-07-29 08:55:04.0"
"0091332","90","970","1","sc3va","2013-12-20","","1","2013-12-05","1","0","-4","-4.0","-4.0","-4.0","-4.0","-4.0","-4.0","-4.0","-4.0","","","","","","1","15.0","0.0","0.0","40.0","20.0","60.0","2013-12-21 02:04:50.0"
"0091332","452","970","1","m12va2","2016-05-04","","1","2015-01-26","1","0","-4","-4.0","-4.0","-4.0","-4.0","-4.0","-4.0","-4.0","-4.0","","","","","","1","15.0","0.0","0.0","35.0","19.0","60.0","2016-05-04 22:21:37.0"
"0091534","114","972","1","sc3va","2014-02-21","","1","2013-11-13","1","0","-4","-4.0","-4.0","-4.0","-4.0","-4.0","-4.0","-4.0","-4.0","","","","","","1","10.0","0.0","0.0","27.0","18.0","45.0","2014-02-22 02:05:15.0"
"0091534","312","972","1","m12va2","2015-07-28","","1","2015-01-19","1","0","-4","-4.0","-4.0","-4.0","-4.0","-4.0","-4.0","-4.0","-4.0","","","","","","1","10.0","0.0","0.0","25.0","18.0","50.0","2015-07-29 08:55:04.0"
"0092940","122","987","1","sc3va","2014-02-21","","1","2014-02-04","1","0","-4","-4.0","-4.0","-4.0","-4.0","-4.0","-4.0","-4.0","-4.0","","","","","","1","15.0","0.0","0.0","7.0","19.0","36.0","2014-02-22 02:05:15.0"
"0094136","158","999","1","sc3va","2014-04-14","","1","2014-01-08","1","0","-4","-4.0","-4.0","-4.0","-4.0","-4.0","-4.0","-4.0","-4.0","","","","","","1","15.0","0.0","0.0","7.0","16.0","23.0","2014-04-15 02:05:29.0"
"0094136","328","999","1","m12va2","2015-07-29","","1","2015-03-18","1","0","-4","-4.0","-4.0","-4.0","-4.0","-4.0","-4.0","-4.0","-4.0","","","","","","1","15.0","0.0","1.0","6.0","16.0","22.0","2015-08-04 15:49:56.0"
"0094338","88","1001","1","sc3va","2013-12-16","","1","2013-11-20","1","0","-4","-4.0","-4.0","-4.0","-4.0","-4.0","-4.0","-4.0","-4.0","","","","","","1","12.0","0.0","0.0","25.0","28.0","53.0","2013-12-17 02:05:05.0"
"0094338","390","1001","1","m12va2","2015-11-30","","1","2015-02-02","1","0","-4","-4.0","-4.0","-4.0","-4.0","-4.0","-4.0","-4.0","-4.0","","","","","","1","10.0","-1.0","-1.0","20.0","25.0","53.0","2015-12-01 02:06:25.0"
"0095643","78","1014","1","sc3va","2013-11-18","","1","2013-11-14","0","","-4","-4.0","-4.0","-4.0","-4.0","-4.0","-4.0","-4.0","-4.0","","","","","","-4","-4.0","-4.0","-4.0","-4.0","-4.0","-4.0","2013-11-20 02:04:48.0"
"0095643","304","1014","1","m12va2","2015-06-10","","1","2014-12-16","0","","-4","-4.0","-4.0","-4.0","-4.0","-4.0","-4.0","-4.0","-4.0","","","","","","-4","-4.0","-4.0","-4.0","-4.0","-4.0","-4.0","2015-06-11 02:06:18.0"
"0095744","236","1015","1","sc3va","2014-08-19","","1","2014-08-07","1","0","-4","-4.0","-4.0","-4.0","-4.0","-4.0","-4.0","-4.0","-4.0","","","","","","1","8.0","0.0","0.0","15.0","17.0","55.0","2014-08-20 02:06:38.0"
"0099651","120","1055","1","sc3va","2014-02-21","","1","2013-11-26","1","0","-4","-4.0","-4.0","-4.0","-4.0","-4.0","-4.0","-4.0","-4.0","","","","","","1","15.0","0.0","0.0","25.0","16.0","42.0","2014-02-22 02:05:15.0"
"0099651","338","1055","1","m12va2","2015-07-30","","1","2015-04-13","1","0","-4","-4.0","-4.0","-4.0","-4.0","-4.0","-4.0","-4.0","-4.0","","","","","","1","20.0","0.0","0.0","22.0","18.0","40.0","2015-08-04 15:49:56.0"
"0100004","108","1059","1","sc3va","2014-01-27","","1","2014-01-14","0","","-4","-4.0","-4.0","-4.0","-4.0","-4.0","-4.0","-4.0","-4.0","","","","","","-4","-4.0","-4.0","-4.0","-4.0","-4.0","-4.0","2014-01-28 02:05:08.0"
"0100004","342","1059","1","m12va2","2015-07-30","","1","2015-04-23","0","","-4","-4.0","-4.0","-4.0","-4.0","-4.0","-4.0","-4.0","-4.0","","","","","","-4","-4.0","-4.0","-4.0","-4.0","-4.0","-4.0","2015-08-04 15:49:56.0"
"0102917","136","1088","1","sc3va","2014-03-10","","1","2013-12-02","1","0","-4","-4.0","-4.0","-4.0","-4.0","-4.0","-4.0","-4.0","-4.0","","","","","","1","12.0","0.0","0.0","20.0","21.0","42.0","2014-03-11 02:05:28.0"
"0103313","156","1093","1","sc3va","2014-03-31","","1","2014-01-15","0","","-4","-4.0","-4.0","-4.0","-4.0","-4.0","-4.0","-4.0","-4.0","","","","","","-4","-4.0","-4.0","-4.0","-4.0","-4.0","-4.0","2014-04-01 11:26:56.0"
"0103313","438","1093","1","m12va2","2016-05-04","","1","2015-10-05","0","","-4","-4.0","-4.0","-4.0","-4.0","-4.0","-4.0","-4.0","-4.0","","","","","","-4","-4.0","-4.0","-4.0","-4.0","-4.0","-4.0","2016-05-04 22:21:37.0"
"0106420","190","1126","1","sc3va","2014-05-12","","1","2014-04-29","0","","-4","-4.0","-4.0","-4.0","-4.0","-4.0","-4.0","-4.0","-4.0","","","","","","-4","-4.0","-4.0","-4.0","-4.0","-4.0","-4.0","2014-05-13 02:05:37.0"
"0106420","372","1126","1","m12va2","2015-08-06","","1","2015-06-23","0","","-4","-4.0","-4.0","-4.0","-4.0","-4.0","-4.0","-4.0","-4.0","","","","","","-4","-4.0","-4.0","-4.0","-4.0","-4.0","-4.0","2015-08-07 02:05:19.0"
"0107220","240","1135","1","sc3va","2014-08-20","","3","2014-08-20","1","0","-4","-4.0","-4.0","-4.0","-4.0","-4.0","-4.0","-4.0","-4.0","","","","","","1:2:3","10.0","1.0","2.0","20.0","18.0","41.0","2014-08-21 02:06:33.0"
"0107220","308","1135","1","m12va2","2015-06-10","","1","2015-02-03","1","0","-4","-4.0","-4.0","-4.0","-4.0","-4.0","-4.0","-4.0","-4.0","","","","","","1:2:3","15.0","0.3","1.0","22.5","19.0","41.0","2015-06-11 02:06:18.0"
"0107725","132","1141","1","sc3va","2014-02-24","","1","2014-02-04","1","0","-4","-4.0","-4.0","-4.0","-4.0","-4.0","-4.0","-4.0","-4.0","","","","","","1","40.0","0.0","0.0","38.0","16.0","54.0","2014-02-26 02:05:20.0"
"0108121","168","1145","1","sc3va","2014-04-21","","1","2014-04-03","1","0","-4","-4.0","-4.0","-4.0","-4.0","-4.0","-4.0","-4.0","-4.0","","","","","","1","12.5","0.0","0.0","22.0","20.0","42.0","2014-04-22 02:05:35.0"
"0108121","356","1145","1","m12va2","2015-08-03","","1","2015-05-20","1","0","-4","-4.0","-4.0","-4.0","-4.0","-4.0","-4.0","-4.0","-4.0","","","","","","1","15.0","0.0","0.0","20.0","22.0","41.0","2015-08-04 15:49:56.0"
"0108525","104","1149","1","sc3va","2014-01-21","2014-01-21","1","2014-01-13","1","0","-4","-4.0","-4.0","-4.0","-4.0","-4.0","-4.0","-4.0","-4.0","","","","","","3","0.0","0.0","4.0","15.0","30.0","45.0","2014-01-22 20:19:27.0"
"0108525","378","1149","1","m12va2","2015-08-07","","1","2015-06-25","1","0","-4","-4.0","-4.0","-4.0","-4.0","-4.0","-4.0","-4.0","-4.0","","","","","","3","0.0","0.0","4.0","15.0","30.0","45.0","2015-08-08 02:05:18.0"
"0109224","188","1156","1","sc3va","2014-05-05","","1","2014-04-22","1","1","1","3.0","2.0","-1.0","-1.0","-1.0","-1.0","50.0","10.0","2","0","2","0","0","-4","-4.0","-4.0","-4.0","-4.0","-4.0","-4.0","2014-05-06 02:05:36.0"
"0109224","500","1156","1","m12va2","2016-06-15","","1","2015-05-28","1","1","1","5.0","1.5","0.0","0.0","0.0","0.0","50.0","12.0","2","0","","0","0","-4","-4.0","-4.0","-4.0","-4.0","-4.0","-4.0","2016-06-15 22:22:57.0"
"0109325","242","1157","1","sc3va","2014-08-25","","3","2014-08-25","0","","-4","-4.0","-4.0","-4.0","-4.0","-4.0","-4.0","-4.0","-4.0","","","","","","-4","-4.0","-4.0","-4.0","-4.0","-4.0","-4.0","2014-08-26 02:06:40.0"
"0110007","124","1164","1","sc3va","2014-02-21","","1","2014-01-31","1","0","-4","-4.0","-4.0","-4.0","-4.0","-4.0","-4.0","-4.0","-4.0","","","","","","1:3","50.0","0.0","3.0","16.0","15.0","33.0","2014-02-22 02:05:15.0"
"0110007","370","1164","1","m12va2","2015-08-06","","1","2015-06-18","1","0","-4","-4.0","-4.0","-4.0","-4.0","-4.0","-4.0","-4.0","-4.0","","","","","","1:3","40.0","0.0","1.0","17.0","16.0","33.0","2015-08-07 02:05:19.0"
"0110310","92","1167","1","sc3va","2013-12-20","","1","2013-12-11","1","0","-4","-4.0","-4.0","-4.0","-4.0","-4.0","-4.0","-4.0","-4.0","","","","","","1","20.0","0.0","0.0","45.0","13.0","71.0","2013-12-21 02:04:50.0"
"0110310","588","1167","1","m12va2","2017-02-13","","0","","","","-4","-4.0","-4.0","-4.0","-4.0","-4.0","-4.0","-4.0","-4.0","","","","","","-4","-4.0","-4.0","-4.0","-4.0","-4.0","-4.0","2017-02-13 22:15:39.0"
"0111716","176","1182","1","sc3va","2014-04-28","","1","2014-04-22","1","0","-4","-4.0","-4.0","-4.0","-4.0","-4.0","-4.0","-4.0","-4.0","","","","","","1","25.0","0.0","0.0","30.0","20.0","50.0","2014-04-28 15:22:48.0"
"0111817","102","1183","1","sc3va","2014-01-21","","1","2014-01-08","1","0","-4","-4.0","-4.0","-4.0","-4.0","-4.0","-4.0","-4.0","-4.0","","","","","","1:2:3","10.0","0.0","0.0","20.0","19.0","39.0","2014-01-22 20:19:27.0"
"0111817","382","1183","1","m12va2","2015-08-10","","1","2015-07-14","1","0","-4","-4.0","-4.0","-4.0","-4.0","-4.0","-4.0","-4.0","-4.0","","","","","","1:2:3","5.0","0.0","0.0","20.0","20.0","40.0","2015-08-11 02:05:17.0"
"0112011","362","1185","1","m12va2","2015-08-06","","1","2015-06-08","1","0","-4","-4.0","-4.0","-4.0","-4.0","-4.0","-4.0","-4.0","-4.0","","","","","","1:3","45.0","0.0","3.0","16.0","14.0","30.0","2015-08-07 02:05:19.0"
"0112011","498","1185","1","sc3va","2016-06-15","","1","2014-04-03","1","0","-4","-4.0","-4.0","-4.0","-4.0","-4.0","-4.0","-4.0","-4.0","","","","","","1:3","50.0","0.0","2.5","16.0","14.0","30.0","2016-06-15 22:22:57.0"
"0112920","146","1195","1","sc3va","2014-03-24","","1","2014-03-10","0","","-4","-4.0","-4.0","-4.0","-4.0","-4.0","-4.0","-4.0","-4.0","","","","","","-4","-4.0","-4.0","-4.0","-4.0","-4.0","-4.0","2014-03-25 02:05:28.0"
"0112920","340","1195","1","m12va2","2015-07-30","","1","2015-04-22","0","","-4","-4.0","-4.0","-4.0","-4.0","-4.0","-4.0","-4.0","-4.0","","","","","","-4","-4.0","-4.0","-4.0","-4.0","-4.0","-4.0","2015-08-04 15:49:56.0"
"0116625","180","1242","1","sc3va","2014-05-05","","1","2014-02-20","1","0","-4","-4.0","-4.0","-4.0","-4.0","-4.0","-4.0","-4.0","-4.0","","","","","","1","10.0","0.0","0.0","40.0","17.0","57.0","2014-05-06 02:05:36.0"
"0116625","334","1242","1","m12va2","2015-07-29","","1","2015-03-27","1","0","-4","-4.0","-4.0","-4.0","-4.0","-4.0","-4.0","-4.0","-4.0","","","","","","1","13.0","0.0","0.0","25.0","19.0","45.0","2015-08-04 15:49:56.0"
"0116726","98","1243","1","sc3va","2014-01-13","","1","2014-01-02","1","0","-4","-4.0","-4.0","-4.0","-4.0","-4.0","-4.0","-4.0","-4.0","","","","","","1","10.0","0.0","0.0","30.0","20.0","58.0","2014-01-14 02:04:53.0"
"0116726","440","1243","1","m12va2","2016-05-04","","1","2015-06-30","1","0","-4","-4.0","-4.0","-4.0","-4.0","-4.0","-4.0","-4.0","-4.0","","","","","","1","10.0","0.0","0.0","39.0","19.0","58.0","2016-05-04 22:21:37.0"
"0118225","166","1260","1","sc3va","2014-04-14","","1","2014-02-04","0","","-4","-4.0","-4.0","-4.0","-4.0","-4.0","-4.0","-4.0","-4.0","","","","","","-4","-4.0","-4.0","-4.0","-4.0","-4.0","-4.0","2014-04-15 02:05:29.0"
"0118730","148","1265","1","sc3va","2014-03-24","","1","2014-03-13","0","","-4","-4.0","-4.0","-4.0","-4.0","-4.0","-4.0","-4.0","-4.0","","","","","","-4","-4.0","-4.0","-4.0","-4.0","-4.0","-4.0","2014-03-25 02:05:28.0"
"0118730","344","1265","1","m12va2","2015-07-30","","1","2015-04-30","0","","-4","-4.0","-4.0","-4.0","-4.0","-4.0","-4.0","-4.0","-4.0","","","","","","-4","-4.0","-4.0","-4.0","-4.0","-4.0","-4.0","2015-08-04 15:49:56.0"
"0118831","194","1266","1","sc3va","2014-05-21","","1","2014-05-05","1","0","-4","-4.0","-4.0","-4.0","-4.0","-4.0","-4.0","-4.0","-4.0","","","","","","1","18.0","0.0","0.0","17.0","18.0","35.0","2014-05-22 02:05:43.0"
"0118831","368","1266","1","m12va2","2015-08-06","","1","2015-06-18","1","0","-4","-4.0","-4.0","-4.0","-4.0","-4.0","-4.0","-4.0","-4.0","","","","","","1","20.0","0.0","0.0","20.0","15.0","35.0","2015-08-07 02:05:19.0"
"0119025","140","1268","1","sc3va","2014-03-10","","1","2014-03-05","1","0","-4","-4.0","-4.0","-4.0","-4.0","-4.0","-4.0","-4.0","-4.0","","","","","","1:3","20.0","0.0","3.0","46.0","14.0","60.0","2014-03-11 02:05:28.0"
"0119126","162","1269","1","sc3va","2014-04-14","","1","2014-04-04","1","0","-4","-4.0","-4.0","-4.0","-4.0","-4.0","-4.0","-4.0","-4.0","","","","","","1:2:3","30.0","0.0","0.0","20.0","16.0","33.0","2014-04-15 02:05:29.0"
"0119126","548","1269","1","m12va2","2016-12-23","","1","2015-06-11","1","0","-4","-4.0","-4.0","-4.0","-4.0","-4.0","-4.0","-4.0","-4.0","","","","","","1:2:3","20.0","0.0","0.0","18.0","14.0","32.0","2016-12-23 22:15:12.0"
"0119227","110","1271","1","sc3va","2014-02-03","","1","2014-01-23","0","","-4","-4.0","-4.0","-4.0","-4.0","-4.0","-4.0","-4.0","-4.0","","","","","","-4","-4.0","-4.0","-4.0","-4.0","-4.0","-4.0","2014-02-04 02:05:21.0"
"0119227","442","1271","1","m12va2","2016-05-04","","1","2015-06-18","0","","-4","-4.0","-4.0","-4.0","-4.0","-4.0","-4.0","-4.0","-4.0","","","","","","-4","-4.0","-4.0","-4.0","-4.0","-4.0","-4.0","2016-05-04 22:21:37.0"
"0120010","154","1279","1","sc3va","2014-03-31","","1","2014-03-28","1","0","-4","-4.0","-4.0","-4.0","-4.0","-4.0","-4.0","-4.0","-4.0","","","","","","1:2","30.0","5.0","0.0","35.0","15.0","52.0","2014-04-01 11:26:56.0"
"0120313","572","1282","1","sc3va","2016-12-23","","1","2014-11-25","0","","-4","-4.0","-4.0","-4.0","-4.0","-4.0","-4.0","-4.0","-4.0","","","","","","-4","-4.0","-4.0","-4.0","-4.0","-4.0","-4.0","2016-12-23 22:15:12.0"
"0120313","686","1282","1","m12va2","2017-12-01","","1","2015-12-09","0","","-4","-4.0","-4.0","-4.0","-4.0","-4.0","-4.0","-4.0","-4.0","","","","","","-4","-4.0","-4.0","-4.0","-4.0","-4.0","-4.0","2017-12-01 22:02:52.0"
"0120717","198","1287","1","sc3va","2014-05-21","","1","2014-04-15","1","0","-4","-4.0","-4.0","-4.0","-4.0","-4.0","-4.0","-4.0","-4.0","","","","","","1:3","30.0","0.0","2.0","40.0","14.0","54.0","2014-05-22 02:05:43.0"
"0120717","374","1287","1","m12va2","2015-08-07","","1","2015-06-24","1","0","-4","-4.0","-4.0","-4.0","-4.0","-4.0","-4.0","-4.0","-4.0","","","","","","1:3","20.0","0.0","1.0","40.0","14.0","54.0","2015-08-08 02:05:18.0"
"0120818","210","1288","1","sc3va","2014-06-17","","1","2014-05-27","1","0","-4","-4.0","-4.0","-4.0","-4.0","-4.0","-4.0","-4.0","-4.0","","","","","","1:3","25.0","0.0","3.0","20.0","16.0","45.0","2014-06-18 02:05:57.0"
"0120818","476","1288","1","m12va2","2016-05-25","","1","2016-04-21","1","0","-4","-4.0","-4.0","-4.0","-4.0","-4.0","-4.0","-4.0","-4.0","","","","","","1:3","40.0","0.0","5.0","20.0","15.0","43.0","2016-05-25 22:22:05.0"
"0124321","142","1330","1","sc3va","2014-03-10","","1","2014-03-07","1","0","-4","-4.0","-4.0","-4.0","-4.0","-4.0","-4.0","-4.0","-4.0","","","","","","1","10.0","0.0","0.0","26.0","17.0","43.0","2014-03-11 02:05:28.0"
"0124321","474","1330","1","m12va2","2016-05-25","","1","2015-11-19","1","0","-4","-4.0","-4.0","-4.0","-4.0","-4.0","-4.0","-4.0","-4.0","","","","","","1","20.0","0.0","0.0","25.0","16.0","41.0","2016-05-25 22:22:05.0"
"0125121","172","1339","1","sc3va","2014-04-21","","1","2014-04-02","1","0","-4","-4.0","-4.0","-4.0","-4.0","-4.0","-4.0","-4.0","-4.0","","","","","","1:2:3","1.5","0.0","0.0","0.0","15.0","15.0","2014-04-22 02:05:35.0"
"0125121","444","1339","1","m12va2","2016-05-04","2016-05-04","1","2015-10-22","1","0","-4","-4.0","-4.0","-4.0","-4.0","-4.0","-4.0","-4.0","-4.0","","","","","","1","1.0","0.0","0.0","0.0","12.0","12.0","2016-05-04 22:21:37.0"
"0126527","186","1354","1","sc3va","2014-05-05","","1","2014-04-08","0","","-4","-4.0","-4.0","-4.0","-4.0","-4.0","-4.0","-4.0","-4.0","","","","","","-4","-4.0","-4.0","-4.0","-4.0","-4.0","-4.0","2014-05-06 02:05:36.0"
"0126527","384","1354","1","m12va2","2015-08-10","","1","2015-07-21","0","","-4","-4.0","-4.0","-4.0","-4.0","-4.0","-4.0","-4.0","-4.0","","","","","","-4","-4.0","-4.0","-4.0","-4.0","-4.0","-4.0","2015-08-11 02:05:17.0"
"0126628","112","1355","1","sc3va","2014-02-03","","1","2014-01-30","0","","-4","-4.0","-4.0","-4.0","-4.0","-4.0","-4.0","-4.0","-4.0","","","","","","-4","-4.0","-4.0","-4.0","-4.0","-4.0","-4.0","2014-02-04 02:05:21.0"
"0126628","446","1355","1","m12va2","2016-05-04","","1","2015-05-14","0","","-4","-4.0","-4.0","-4.0","-4.0","-4.0","-4.0","-4.0","-4.0","","","","","","-4","-4.0","-4.0","-4.0","-4.0","-4.0","-4.0","2016-05-04 22:21:37.0"
"0127024","690","1359","1","sc3va","2017-12-04","","1","2015-05-01","1","0","-4","-4.0","-4.0","-4.0","-4.0","-4.0","-4.0","-4.0","-4.0","","","","","","1:2","15.0","1.0","0.0","5.0","18.0","23.0","2017-12-04 22:02:59.0"
"0127024","692","1359","1","m12va2","2017-12-04","","1","2016-05-02","1","0","-4","-4.0","-4.0","-4.0","-4.0","-4.0","-4.0","-4.0","-4.0","","","","","","1:2","10.0","1.0","0.0","4.0","20.0","25.0","2017-12-04 22:02:59.0"
"0127630","202","1367","1","sc3va","2014-05-21","","1","2014-05-14","0","","-4","-4.0","-4.0","-4.0","-4.0","-4.0","-4.0","-4.0","-4.0","","","","","","-4","-4.0","-4.0","-4.0","-4.0","-4.0","-4.0","2014-05-22 02:05:43.0"
"0128329","160","1374","1","sc3va","2014-04-14","","1","2014-03-19","1","0","-4","-4.0","-4.0","-4.0","-4.0","-4.0","-4.0","-4.0","-4.0","","","","","","1","25.0","0.0","0.0","30.0","14.0","38.0","2014-04-15 02:05:29.0"
"0128935","196","1383","1","sc3va","2014-05-21","","1","2014-05-06","0","","-4","-4.0","-4.0","-4.0","-4.0","-4.0","-4.0","-4.0","-4.0","","","","","","-4","-4.0","-4.0","-4.0","-4.0","-4.0","-4.0","2014-05-22 02:05:43.0"
"0128935","388","1383","1","m12va2","2015-08-10","","1","2015-08-06","0","","-4","-4.0","-4.0","-4.0","-4.0","-4.0","-4.0","-4.0","-4.0","","","","","","-4","-4.0","-4.0","-4.0","-4.0","-4.0","-4.0","2015-08-11 02:05:17.0"
"0130013","152","1394","1","sc3va","2014-03-31","","1","2014-02-18","0","","-4","-4.0","-4.0","-4.0","-4.0","-4.0","-4.0","-4.0","-4.0","","","","","","-4","-4.0","-4.0","-4.0","-4.0","-4.0","-4.0","2014-04-01 11:26:56.0"
"0130013","558","1394","1","m12va2","2016-12-23","","1","2015-04-30","0","","-4","-4.0","-4.0","-4.0","-4.0","-4.0","-4.0","-4.0","-4.0","","","","","","-4","-4.0","-4.0","-4.0","-4.0","-4.0","-4.0","2016-12-23 22:15:12.0"
"0131722","200","1412","1","sc3va","2014-05-21","","1","2014-05-15","1","0","-4","-4.0","-4.0","-4.0","-4.0","-4.0","-4.0","-4.0","-4.0","","","","","","1:3","40.0","0.0","0.0","40.0","13.0","54.0","2014-05-22 02:05:43.0"
"0131722","416","1412","1","m12va2","2016-01-05","","1","2015-09-10","1","0","-4","-4.0","-4.0","-4.0","-4.0","-4.0","-4.0","-4.0","-4.0","","","","","","1","23.0","0.0","0.0","35.0","15.0","50.0","2016-01-06 02:06:25.0"
"0135730","174","1456","1","sc3va","2014-04-22","","1","2014-04-10","0","","-4","-4.0","-4.0","-4.0","-4.0","-4.0","-4.0","-4.0","-4.0","","","","","","-4","-4.0","-4.0","-4.0","-4.0","-4.0","-4.0","2014-04-23 02:05:37.0"
"0136429","150","1465","1","sc3va","2014-03-24","","1","2014-03-11","1","0","-4","-4.0","-4.0","-4.0","-4.0","-4.0","-4.0","-4.0","-4.0","","","","","","1:2","2.5","0.0","0.0","-1.0","17.0","25.0","2014-03-25 02:05:28.0"
"0140521","608","1515","1","sc3va","2017-02-15","","2","2014-10-06","1","0","-4","-4.0","-4.0","-4.0","-4.0","-4.0","-4.0","-4.0","-4.0","","","","","","1","20.0","0.0","0.0","30.0","16.0","46.0","2017-02-15 22:14:48.0"
"0140521","610","1515","1","m12va2","2017-02-15","","2","2015-09-21","1","0","-4","-4.0","-4.0","-4.0","-4.0","-4.0","-4.0","-4.0","-4.0","","","","","","1","10.0","0.0","0.0","30.0","16.0","46.0","2017-02-15 22:14:48.0"
"0140824","178","1518","1","sc3va","2014-04-28","","1","2014-04-24","1","0","-4","-4.0","-4.0","-4.0","-4.0","-4.0","-4.0","-4.0","-4.0","","","","","","1:3","20.0","0.0","8.0","40.0","18.0","59.0","2014-04-28 15:22:48.0"
"0140824","560","1518","1","m12va2","2016-12-23","","1","2015-06-09","1","0","-4","-4.0","-4.0","-4.0","-4.0","-4.0","-4.0","-4.0","-4.0","","","","","","1:3","15.0","0.0","10.0","41.0","19.0","60.0","2016-12-23 22:15:12.0"
"0141624","380","1530","1","sc3va","2015-08-10","","1","2015-07-13","1","0","-4","-4.0","-4.0","-4.0","-4.0","-4.0","-4.0","-4.0","-4.0","","","","","","1","40.0","0.0","0.0","20.0","20.0","43.0","2015-08-11 02:05:17.0"
"0142929","230","1545","1","sc3va","2014-08-13","","1","2014-08-13","0","","-4","-4.0","-4.0","-4.0","-4.0","-4.0","-4.0","-4.0","-4.0","","","","","","-4","-4.0","-4.0","-4.0","-4.0","-4.0","-4.0","2014-08-15 02:06:35.0"
"0145430","192","1572","1","sc3va","2014-05-12","","1","2014-05-01","1","0","-4","-4.0","-4.0","-4.0","-4.0","-4.0","-4.0","-4.0","-4.0","","","","","","1:2","20.0","10.0","0.0","50.0","14.0","60.0","2014-05-13 02:05:37.0"
"0145834","480","1577","1","sc3va","2016-06-14","","1","2014-08-27","0","","-4","-4.0","-4.0","-4.0","-4.0","-4.0","-4.0","-4.0","-4.0","","","","","","-4","-4.0","-4.0","-4.0","-4.0","-4.0","-4.0","2016-06-14 22:21:51.0"
"0145834","482","1577","1","m12va2","2016-06-15","","1","2015-10-01","0","","-4","-4.0","-4.0","-4.0","-4.0","-4.0","-4.0","-4.0","-4.0","","","","","","-4","-4.0","-4.0","-4.0","-4.0","-4.0","-4.0","2016-06-15 22:22:57.0"
"0147333","234","1592","1","sc3va","2014-08-19","","1","2014-08-07","1","0","-4","-4.0","-4.0","-4.0","-4.0","-4.0","-4.0","-4.0","-4.0","","","","","","2:3","0.0","1.0","2.0","20.0","19.0","45.0","2014-08-20 02:06:38.0"
"0147333","484","1592","1","m12va2","2016-06-15","","1","2015-12-17","1","0","-4","-4.0","-4.0","-4.0","-4.0","-4.0","-4.0","-4.0","-4.0","","","","","","2:3","0.0","1.0","0.5","25.0","18.0","44.0","2016-06-15 22:22:57.0"
"0147636","216","1595","1","sc3va","2014-06-30","","1","2014-06-25","1","0","-4","-4.0","-4.0","-4.0","-4.0","-4.0","-4.0","-4.0","-4.0","","","","","","1","8.0","0.0","0.0","14.0","16.0","28.0","2014-07-01 02:06:07.0"
"0147636","524","1595","1","m12va2","2016-12-22","","1","2016-05-03","1","0","-4","-4.0","-4.0","-4.0","-4.0","-4.0","-4.0","-4.0","-4.0","","","","","","1","8.0","0.0","0.0","14.0","16.0","28.0","2016-12-22 22:15:38.0"
"0147737","204","1596","1","sc3va","2014-06-02","","1","2014-05-22","0","","-4","-4.0","-4.0","-4.0","-4.0","-4.0","-4.0","-4.0","-4.0","","","","","","-4","-4.0","-4.0","-4.0","-4.0","-4.0","-4.0","2014-06-03 02:05:41.0"
"0150120","612","1624","1","sc3va","2017-02-15","","2","2014-10-01","1","0","-4","-4.0","-4.0","-4.0","-4.0","-4.0","-4.0","-4.0","-4.0","","","","","","1:3","30.0","0.0","5.0","30.0","19.0","57.0","2017-02-15 22:14:48.0"
"0150120","614","1624","1","m12va2","2017-02-15","","2","2015-09-15","1","0","-4","-4.0","-4.0","-4.0","-4.0","-4.0","-4.0","-4.0","-4.0","","","","","","1:3","30.0","0.0","4.0","30.0","20.0","58.0","2017-02-15 22:14:48.0"
"0151930","528","1647","1","sc3va","2016-12-22","","1","2014-06-03","1","0","-4","-4.0","-4.0","-4.0","-4.0","-4.0","-4.0","-4.0","-4.0","","","","","","1","40.0","0.0","0.0","35.0","16.0","53.0","2016-12-22 22:15:38.0"
"0151930","530","1647","1","m12va2","2016-12-22","","1","2015-06-04","1","0","-4","-4.0","-4.0","-4.0","-4.0","-4.0","-4.0","-4.0","-4.0","","","","","","1","40.0","0.0","0.0","35.0","16.0","51.0","2016-12-22 22:15:38.0"
"0153328","218","1663","1","sc3va","2014-07-08","","1","2014-07-01","1","0","-4","-4.0","-4.0","-4.0","-4.0","-4.0","-4.0","-4.0","-4.0","","","","","","1","10.0","0.0","0.0","10.0","19.0","29.0","2014-07-09 02:06:08.0"
"0153328","396","1663","1","m12va2","2015-12-10","","1","2015-09-01","1","0","-4","-4.0","-4.0","-4.0","-4.0","-4.0","-4.0","-4.0","-4.0","","","","","","1","10.0","0.0","0.0","8.0","21.0","29.0","2015-12-11 02:06:23.0"
"0155736","214","1694","1","sc3va","2014-06-30","","1","2014-06-19","1","0","-4","-4.0","-4.0","-4.0","-4.0","-4.0","-4.0","-4.0","-4.0","","","","","","1","7.0","0.0","0.0","35.0","16.0","51.0","2014-07-01 02:06:07.0"
"0155736","470","1694","1","m12va2","2016-05-20","","1","2015-09-10","1","0","-4","-4.0","-4.0","-4.0","-4.0","-4.0","-4.0","-4.0","-4.0","","","","","","1","10.0","0.0","0.0","35.0","16.0","51.0","2016-05-20 22:21:22.0"
"0156435","208","1701","1","sc3va","2014-06-16","","1","2014-06-10","0","","-4","-4.0","-4.0","-4.0","-4.0","-4.0","-4.0","-4.0","-4.0","","","","","","-4","-4.0","-4.0","-4.0","-4.0","-4.0","-4.0","2014-06-17 02:05:51.0"
"0158843","364","1729","1","sc3va","2015-08-06","","1","2015-06-17","1","0","-4","-4.0","-4.0","-4.0","-4.0","-4.0","-4.0","-4.0","-4.0","","","","","","1","20.0","0.0","0.0","20.0","19.0","39.0","2015-08-07 02:05:19.0"
"0160022","254","1746","1","sc3va","2014-08-25","","1","2014-08-07","1","0","-4","-4.0","-4.0","-4.0","-4.0","-4.0","-4.0","-4.0","-4.0","","","","","","1","20.0","0.0","0.0","20.0","20.0","40.0","2014-08-26 02:06:40.0"
"0160022","404","1746","1","m12va2","2015-12-28","","1","2015-09-01","1","0","-4","-4.0","-4.0","-4.0","-4.0","-4.0","-4.0","-4.0","-4.0","","","","","","1","20.0","0.0","0.0","15.0","20.0","35.0","2015-12-29 02:06:24.0"
"0162531","226","1774","1","sc3va","2014-07-31","","1","2014-03-28","1","0","-4","-4.0","-4.0","-4.0","-4.0","-4.0","-4.0","-4.0","-4.0","","","","","","1:2","30.0","5.0","0.0","35.0","15.0","52.0","2014-08-01 02:06:16.0"
"0162531","562","1774","1","m12va2","2016-12-23","","1","2015-07-06","1","0","-4","-4.0","-4.0","-4.0","-4.0","-4.0","-4.0","-4.0","-4.0","","","","","","1:2","30.0","1.0","0.0","35.0","15.0","50.0","2016-12-23 22:15:12.0"
"0163028","250","1781","1","sc3va","2014-08-25","","1","2014-08-06","1","0","-4","-4.0","-4.0","-4.0","-4.0","-4.0","-4.0","-4.0","-4.0","","","","","","1:2:3","20.0","1.0","1.0","30.0","15.0","60.0","2014-08-26 02:06:40.0"
"0163028","400","1781","1","m12va2","2015-12-24","","1","2015-09-08","1","0","-4","-4.0","-4.0","-4.0","-4.0","-4.0","-4.0","-4.0","-4.0","","","","","","1:2:3","30.0","1.0","1.0","30.0","14.0","60.0","2015-12-25 02:06:26.0"
"0163230","252","1783","1","sc3va","2014-08-25","","1","2014-08-20","0","","-4","-4.0","-4.0","-4.0","-4.0","-4.0","-4.0","-4.0","-4.0","","","","","","-4","-4.0","-4.0","-4.0","-4.0","-4.0","-4.0","2014-08-26 02:06:40.0"
"0163230","402","1783","1","m12va2","2015-12-28","","1","2015-10-27","0","","-4","-4.0","-4.0","-4.0","-4.0","-4.0","-4.0","-4.0","-4.0","","","","","","-4","-4.0","-4.0","-4.0","-4.0","-4.0","-4.0","2015-12-29 02:06:24.0"
"0163432","228","1785","1","sc3va","2014-08-07","","1","2014-07-29","1","0","-4","-4.0","-4.0","-4.0","-4.0","-4.0","-4.0","-4.0","-4.0","","","","","","1","11.0","0.0","0.0","0.0","18.0","35.0","2014-08-08 02:06:23.0"
"0163735","224","1788","1","sc3va","2014-07-30","","1","2014-07-14","1","0","-4","-4.0","-4.0","-4.0","-4.0","-4.0","-4.0","-4.0","-4.0","","","","","","1:3","4.0","0.0","2.0","12.0","19.0","33.0","2014-07-31 02:06:15.0"
"0163735","398","1788","1","m12va2","2015-12-10","","1","2015-09-10","1","0","-4","-4.0","-4.0","-4.0","-4.0","-4.0","-4.0","-4.0","-4.0","","","","","","1:3","11.0","0.0","1.0","10.0","19.0","30.0","2015-12-11 02:06:23.0"
"0166034","264","1816","1","sc3va","2014-09-29","","1","2014-09-17","1","0","-4","-4.0","-4.0","-4.0","-4.0","-4.0","-4.0","-4.0","-4.0","","","","","","1","20.0","0.0","0.0","20.0","18.0","39.0","2014-09-30 02:07:01.0"
"0166034","448","1816","1","m12va2","2016-05-04","","1","2015-12-28","1","0","-4","-4.0","-4.0","-4.0","-4.0","-4.0","-4.0","-4.0","-4.0","","","","","","1","20.0","0.0","0.0","21.0","18.0","40.0","2016-05-04 22:21:37.0"
"0166741","268","1824","1","sc3va","2014-10-14","","1","2014-10-01","1","0","-4","-4.0","-4.0","-4.0","-4.0","-4.0","-4.0","-4.0","-4.0","","","","","","1:2","3.0","0.0","0.0","25.0","17.0","45.0","2014-10-15 02:07:05.0"
"0166741","450","1824","1","m12va2","2016-05-04","","1","2015-11-03","1","0","-4","-4.0","-4.0","-4.0","-4.0","-4.0","-4.0","-4.0","-4.0","","","","","","1","6.0","-1.0","-1.0","41.0","17.0","60.0","2016-05-04 22:21:37.0"
"0168240","300","1841","1","sc3va","2015-06-10","","1","2015-01-13","0","","-4","-4.0","-4.0","-4.0","-4.0","-4.0","-4.0","-4.0","-4.0","","","","","","-4","-4.0","-4.0","-4.0","-4.0","-4.0","-4.0","2015-06-11 02:06:18.0"
"0168240","506","1841","1","m12va2","2016-08-15","","1","2016-03-07","0","","-4","-4.0","-4.0","-4.0","-4.0","-4.0","-4.0","-4.0","-4.0","","","","","","-4","-4.0","-4.0","-4.0","-4.0","-4.0","-4.0","2016-08-15 22:21:11.0"
"0168947","274","1848","1","sc3va","2014-10-29","","1","2014-10-21","1","0","-4","-4.0","-4.0","-4.0","-4.0","-4.0","-4.0","-4.0","-4.0","","","","","","1","6.0","0.0","0.0","10.0","17.0","30.0","2014-10-30 02:06:40.0"
"0168947","486","1848","1","m12va2","2016-06-15","","1","2016-04-14","1","0","-4","-4.0","-4.0","-4.0","-4.0","-4.0","-4.0","-4.0","-4.0","","","","","","1","7.0","0.0","0.0","11.0","17.0","57.0","2016-06-15 22:22:57.0"
"0169848","284","1857","1","sc3va","2014-12-17","","1","2014-12-05","0","","-4","-4.0","-4.0","-4.0","-4.0","-4.0","-4.0","-4.0","-4.0","","","","","","-4","-4.0","-4.0","-4.0","-4.0","-4.0","-4.0","2014-12-18 02:06:56.0"
"0171027","494","1869","1","m12va2","2016-06-15","","1","2016-04-26","1","0","-4","-4.0","-4.0","-4.0","-4.0","-4.0","-4.0","-4.0","-4.0","","","","","","2:3","0.0","1.0","1.0","2.0","25.0","27.0","2016-06-15 22:22:57.0"
"0171027","576","1869","1","sc3va","2016-12-23","","1","2014-11-10","0","","-4","-4.0","-4.0","-4.0","-4.0","-4.0","-4.0","-4.0","-4.0","","","","","","-4","-4.0","-4.0","-4.0","-4.0","-4.0","-4.0","2016-12-23 22:15:12.0"
"0171431","276","1875","1","sc3va","2014-10-29","","1","2014-10-22","0","","-4","-4.0","-4.0","-4.0","-4.0","-4.0","-4.0","-4.0","-4.0","","","","","","-4","-4.0","-4.0","-4.0","-4.0","-4.0","-4.0","2014-10-30 02:06:40.0"
"0171431","622","1875","1","m12va2","2017-10-31","","0","","","","-4","-4.0","-4.0","-4.0","-4.0","-4.0","-4.0","-4.0","-4.0","","","","","","-4","-4.0","-4.0","-4.0","-4.0","-4.0","-4.0","2017-10-31 22:02:51.0"
"0175843","294","1928","1","sc3va","2015-04-30","","1","2015-01-22","0","","-4","-4.0","-4.0","-4.0","-4.0","-4.0","-4.0","-4.0","-4.0","","","","","","-4","-4.0","-4.0","-4.0","-4.0","-4.0","-4.0","2015-05-01 02:06:09.0"
"0177342","290","1943","1","sc3va","2015-01-21","","1","2014-12-15","1","0","-4","-4.0","-4.0","-4.0","-4.0","-4.0","-4.0","-4.0","-4.0","","","","","","2:3","0.0","1.0","20.0","20.0","26.0","46.0","2015-01-22 02:06:37.0"
"0177342","502","1943","1","m12va2","2016-08-09","","3","2016-08-08","1","0","-4","-4.0","-4.0","-4.0","-4.0","-4.0","-4.0","-4.0","-4.0","","","","","","2:3","0.0","1.0","15.0","22.0","26.0","47.0","2016-08-09 22:21:14.0"
"0177544","296","1945","1","sc3va","2015-04-30","","1","2014-12-18","0","","-4","-4.0","-4.0","-4.0","-4.0","-4.0","-4.0","-4.0","-4.0","","","","","","-4","-4.0","-4.0","-4.0","-4.0","-4.0","-4.0","2015-05-01 02:06:09.0"
"0177746","286","1948","1","sc3va","2014-12-17","","1","2014-12-09","1","0","-4","-4.0","-4.0","-4.0","-4.0","-4.0","-4.0","-4.0","-4.0","","","","","","1:2","10.0","1.0","0.0","40.0","13.0","54.0","2014-12-18 02:06:56.0"
"0177746","492","1948","1","m12va2","2016-06-15","","1","2016-02-11","1","0","-4","-4.0","-4.0","-4.0","-4.0","-4.0","-4.0","-4.0","-4.0","","","","","","1","6.0","0.0","0.0","40.0","14.0","55.0","2016-06-15 22:22:57.0"
"0178647","280","1957","1","sc3va","2014-12-11","","1","2014-12-04","0","","-4","-4.0","-4.0","-4.0","-4.0","-4.0","-4.0","-4.0","-4.0","","","","","","-4","-4.0","-4.0","-4.0","-4.0","-4.0","-4.0","2014-12-12 02:07:00.0"
"0178647","468","1957","1","m12va2","2016-05-20","","1","2016-04-19","0","","-4","-4.0","-4.0","-4.0","-4.0","-4.0","-4.0","-4.0","-4.0","","","","","","-4","-4.0","-4.0","-4.0","-4.0","-4.0","-4.0","2016-05-20 22:21:22.0"
"0184238","394","2013","1","sc3va","2015-11-30","2015-11-30","1","2015-02-16","1","0","-4","-4.0","-4.0","-4.0","-4.0","-4.0","-4.0","-4.0","-4.0","","","","","","2:3","-1.0","1.0","1.0","5.0","20.0","30.0","2015-12-01 02:06:25.0"
"0184238","472","2013","1","m12va2","2016-05-25","","1","2016-04-26","1","0","-4","-4.0","-4.0","-4.0","-4.0","-4.0","-4.0","-4.0","-4.0","","","","","","2:3","0.0","1.0","1.0","2.0","25.0","27.0","2016-05-25 22:22:05.0"
"0185442","306","2028","1","sc3va","2015-06-10","","1","2015-01-28","1","0","-4","-4.0","-4.0","-4.0","-4.0","-4.0","-4.0","-4.0","-4.0","","","","","","1","20.0","-1.0","-1.0","40.0","18.0","63.0","2015-06-11 02:06:18.0"
"0185442","454","2028","1","m12va2","2016-05-04","","1","2016-02-10","1","0","-4","-4.0","-4.0","-4.0","-4.0","-4.0","-4.0","-4.0","-4.0","","","","","","1","20.0","-1.0","-1.0","42.0","18.0","60.0","2016-05-04 22:21:37.0"
"0187446","616","2048","1","sc3va","2017-02-15","","2","2015-05-05","1","1","1","20.0","50.0","0.0","0.0","0.0","0.0","52.0","15.0","1","1","1","1","1","-4","-4.0","-4.0","-4.0","-4.0","-4.0","-4.0","2017-02-15 22:14:48.0"
"0187749","332","2051","1","sc3va","2015-07-29","","1","2015-03-27","1","0","-4","-4.0","-4.0","-4.0","-4.0","-4.0","-4.0","-4.0","-4.0","","","","","","1:2:3","45.0","5.0","1.0","34.0","16.0","50.0","2015-08-04 15:49:56.0"
"0188953","298","2063","1","sc3va","2015-06-10","","1","2015-01-07","0","","-4","-4.0","-4.0","-4.0","-4.0","-4.0","-4.0","-4.0","-4.0","","","","","","-4","-4.0","-4.0","-4.0","-4.0","-4.0","-4.0","2015-06-11 02:06:18.0"
"0188953","488","2063","1","m12va2","2016-06-15","","1","2016-04-05","0","","-4","-4.0","-4.0","-4.0","-4.0","-4.0","-4.0","-4.0","-4.0","","","","","","-4","-4.0","-4.0","-4.0","-4.0","-4.0","-4.0","2016-06-15 22:22:57.0"
"0191437","322","2088","1","sc3va","2015-07-28","","1","2015-03-10","1","0","-4","-4.0","-4.0","-4.0","-4.0","-4.0","-4.0","-4.0","-4.0","","","","","","2","0.0","2.0","0.0","50.0","20.0","72.0","2015-07-29 08:55:04.0"
"0191437","578","2088","1","m12va2","2016-12-23","","1","2016-05-12","1","0","-4","-4.0","-4.0","-4.0","-4.0","-4.0","-4.0","-4.0","-4.0","","","","","","2","0.0","0.4","0.0","50.0","22.0","72.0","2016-12-23 22:15:12.0"
"0191942","348","2093","1","sc3va","2015-07-31","","1","2015-05-06","1","0","-4","-4.0","-4.0","-4.0","-4.0","-4.0","-4.0","-4.0","-4.0","","","","","","1","1.0","0.0","0.0","20.0","16.0","46.0","2015-08-04 15:49:56.0"
"0192237","406","2096","1","sc3va","2016-01-05","","1","2015-02-24","1","0","-4","-4.0","-4.0","-4.0","-4.0","-4.0","-4.0","-4.0","-4.0","","","","","","1","2.0","40.0","-1.0","30.0","12.0","56.0","2016-01-06 02:06:25.0"
"0192641","310","2100","1","sc3va","2015-07-27","","1","2014-12-29","0","","-4","-4.0","-4.0","-4.0","-4.0","-4.0","-4.0","-4.0","-4.0","","","","","","-4","-4.0","-4.0","-4.0","-4.0","-4.0","-4.0","2015-07-29 08:55:04.0"
"0193138","554","2105","1","sc3va","2016-12-23","","1","2015-05-18","","","-4","-4.0","-4.0","-4.0","-4.0","-4.0","-4.0","-4.0","-4.0","","","","","","1","20.0","0.0","0.0","20.0","15.0","70.0","2016-12-23 22:15:12.0"
"0196043","318","2137","1","sc3va","2015-07-28","","1","2015-02-26","1","0","-4","-4.0","-4.0","-4.0","-4.0","-4.0","-4.0","-4.0","-4.0","","","","","","1","12.0","0.0","0.0","8.0","16.0","36.0","2015-07-29 08:55:04.0"
"0197146","326","2149","1","sc3va","2015-07-29","","1","2015-03-11","0","","-4","-4.0","-4.0","-4.0","-4.0","-4.0","-4.0","-4.0","-4.0","","","","","","-4","-4.0","-4.0","-4.0","-4.0","-4.0","-4.0","2015-08-04 15:49:56.0"
"0197752","376","2156","1","sc3va","2015-08-07","","1","2015-06-25","1","0","-4","-4.0","-4.0","-4.0","-4.0","-4.0","-4.0","-4.0","-4.0","","","","","","1:3","20.0","0.0","2.0","16.0","14.0","31.0","2015-08-08 02:05:18.0"
"0197752","596","2156","1","m12va2","2017-02-14","","1","2016-06-15","1","0","-4","-4.0","-4.0","-4.0","-4.0","-4.0","-4.0","-4.0","-4.0","","","","","","1:2:3","20.0","-1.0","3.0","19.0","9.5","29.0","2017-02-14 22:15:47.0"
"0199554","320","2176","1","sc3va","2015-07-28","","1","2015-03-09","1","0","-4","-4.0","-4.0","-4.0","-4.0","-4.0","-4.0","-4.0","-4.0","","","","","","1","15.0","0.0","0.0","20.0","15.0","35.0","2015-07-29 08:55:04.0"
"0199554","496","2176","1","m12va2","2016-06-15","","1","2016-04-28","1","0","-4","-4.0","-4.0","-4.0","-4.0","-4.0","-4.0","-4.0","-4.0","","","","","","1","20.0","0.0","0.0","20.0","15.0","35.0","2016-06-15 22:22:57.0"
"0203115","358","2218","1","sc3va","2015-08-03","","1","2015-05-26","1","0","-4","-4.0","-4.0","-4.0","-4.0","-4.0","-4.0","-4.0","-4.0","","","","","","1","3.0","0.0","0.0","3.0","35.0","38.0","2015-08-04 15:49:56.0"
"0204420","360","2233","1","sc3va","2015-08-03","","1","2015-05-27","1","0","-4","-4.0","-4.0","-4.0","-4.0","-4.0","-4.0","-4.0","-4.0","","","","","","1","12.0","0.0","0.0","5.0","21.0","26.0","2015-08-04 15:49:56.0"
"0205624","346","2246","1","sc3va","2015-07-30","","1","2015-05-05","1","0","-4","-4.0","-4.0","-4.0","-4.0","-4.0","-4.0","-4.0","-4.0","","","","","","-1","-1.0","-1.0","-1.0","-1.0","-1.0","-1.0","2015-08-04 15:49:56.0"
"0207123","510","2261","1","sc3va","2016-08-15","","1","2016-06-16","1","1","1","20.0","16.0","-1.0","-1.0","-1.0","-1.0","55.0","13.0","2","0","2","0","0","-4","-4.0","-4.0","-4.0","-4.0","-4.0","-4.0","2016-08-15 22:21:11.0"
"0207830","422","2270","1","sc3va","2016-05-03","","1","2015-12-16","1","0","-4","-4.0","-4.0","-4.0","-4.0","-4.0","-4.0","-4.0","-4.0","","","","","","1:2","20.0","2.0","0.0","10.0","16.0","25.0","2016-05-03 22:20:54.0"
"0207830","602","2270","1","m12va2","2017-02-14","","1","2016-12-20","1","0","-4","-4.0","-4.0","-4.0","-4.0","-4.0","-4.0","-4.0","-4.0","","","","","","1:2:3","20.0","1.0","1.0","15.0","17.0","33.0","2017-02-14 22:15:47.0"
"0209127","424","2285","1","sc3va","2016-05-03","","1","2015-10-12","1","0","-4","-4.0","-4.0","-4.0","-4.0","-4.0","-4.0","-4.0","-4.0","","","","","","1","40.0","0.0","0.0","30.0","20.0","50.0","2016-05-03 22:20:54.0"
"0209733","386","2292","1","sc3va","2015-08-10","","1","2015-07-24","1","0","-4","-4.0","-4.0","-4.0","-4.0","-4.0","-4.0","-4.0","-4.0","","","","","","1","50.0","0.0","0.0","38.0","16.0","54.0","2015-08-11 02:05:17.0"
"0212318","414","2320","1","sc3va","2016-01-05","","1","2015-09-04","1","0","-4","-4.0","-4.0","-4.0","-4.0","-4.0","-4.0","-4.0","-4.0","","","","","","1","4.0","0.0","0.0","5.0","18.0","23.0","2016-01-06 02:06:25.0"
"0212520","366","2322","1","sc3va","2015-08-06","","1","2015-06-17","1","0","-4","-4.0","-4.0","-4.0","-4.0","-4.0","-4.0","-4.0","-4.0","","","","","","1","40.0","0.0","0.0","42.0","18.0","59.0","2015-08-07 02:05:19.0"
"0214625","564","2345","1","sc3va","2016-12-23","","1","2015-08-11","0","","-4","-4.0","-4.0","-4.0","-4.0","-4.0","-4.0","-4.0","-4.0","","","","","","-4","-4.0","-4.0","-4.0","-4.0","-4.0","-4.0","2016-12-23 22:15:12.0"
"0214625","568","2345","1","m12va2","2016-12-23","","1","2016-08-18","0","","-4","-4.0","-4.0","-4.0","-4.0","-4.0","-4.0","-4.0","-4.0","","","","","","-4","-4.0","-4.0","-4.0","-4.0","-4.0","-4.0","2016-12-23 22:15:12.0"
"0215122","574","2350","1","m12va2","2016-12-23","","1","2016-07-26","1","1","2","-1.0","-1.0","1.0","15.0","-1.0","-1.0","34.0","15.0","","","","","","-4","-4.0","-4.0","-4.0","-4.0","-4.0","-4.0","2016-12-23 22:15:12.0"
"0215122","592","2350","1","sc3va","2017-02-14","","1","2015-07-22","1","1","2","0.0","-1.0","2.0","-1.0","-1.0","-1.0","40.0","15.0","","","","","","-4","-4.0","-4.0","-4.0","-4.0","-4.0","-4.0","2017-02-14 22:15:47.0"
"0216932","542","2368","1","m12va2","2016-12-23","","1","2016-08-03","1","0","-4","-4.0","-4.0","-4.0","-4.0","-4.0","-4.0","-4.0","-4.0","","","","","","1:2:3","10.0","1.0","1.0","2.0","20.0","22.0","2016-12-23 22:15:12.0"
"0216932","546","2368","1","sc3va","2016-12-23","","1","2015-06-17","1","0","-4","-4.0","-4.0","-4.0","-4.0","-4.0","-4.0","-4.0","-4.0","","","","","","1","5.0","0.0","0.0","3.0","20.0","23.0","2016-12-23 22:15:12.0"
"0217126","540","2370","1","m12va2","2016-12-22","","1","2016-09-28","1","0","-4","-4.0","-4.0","-4.0","-4.0","-4.0","-4.0","-4.0","-4.0","","","","","","1:2:3","20.0","1.0","1.0","47.0","6.0","53.0","2016-12-22 22:15:38.0"
"0217126","544","2370","1","sc3va","2016-12-23","","1","2015-09-22","1","0","-4","-4.0","-4.0","-4.0","-4.0","-4.0","-4.0","-4.0","-4.0","","","","","","1:2:3","20.0","1.0","3.0","53.0","6.0","90.0","2016-12-23 22:15:12.0"
"0220923","426","2412","1","sc3va","2016-05-03","","1","2016-01-07","1","0","-4","-4.0","-4.0","-4.0","-4.0","-4.0","-4.0","-4.0","-4.0","","","","","","1:2:3","-1.0","-1.0","-1.0","-1.0","20.0","34.0","2016-05-03 22:20:54.0"
"0221420","428","2419","1","sc3va","2016-05-03","","1","2015-11-05","1","0","-4","-4.0","-4.0","-4.0","-4.0","-4.0","-4.0","-4.0","-4.0","","","","","","1:3","40.0","0.0","5.0","16.0","19.0","34.0","2016-05-03 22:20:54.0"
"0222220","410","2429","1","sc3va","2016-01-05","","1","2015-09-01","1","0","-4","-4.0","-4.0","-4.0","-4.0","-4.0","-4.0","-4.0","-4.0","","","","","","1:3","10.0","0.0","0.5","2.0","18.0","37.0","2016-01-06 02:06:25.0"
"0224628","408","2459","1","sc3va","2016-01-05","","1","2015-08-15","1","0","-4","-4.0","-4.0","-4.0","-4.0","-4.0","-4.0","-4.0","-4.0","","","","","","1:2","15.0","1.0","4.0","40.0","20.0","62.0","2016-01-06 02:06:25.0"
"0224931","412","2463","1","sc3va","2016-01-05","","1","2015-08-26","0","","-4","-4.0","-4.0","-4.0","-4.0","-4.0","-4.0","-4.0","-4.0","","","","","","-4","-4.0","-4.0","-4.0","-4.0","-4.0","-4.0","2016-01-06 02:06:25.0"
"0224931","518","2463","1","m12va2","2016-12-22","","1","2016-08-17","0","","-4","-4.0","-4.0","-4.0","-4.0","-4.0","-4.0","-4.0","-4.0","","","","","","-4","-4.0","-4.0","-4.0","-4.0","-4.0","-4.0","2016-12-22 22:15:38.0"
"0225327","430","2468","1","sc3va","2016-05-03","","1","2015-10-20","1","0","-4","-4.0","-4.0","-4.0","-4.0","-4.0","-4.0","-4.0","-4.0","","","","","","2:3","0.0","2.0","2.0","45.0","20.0","64.0","2016-05-03 22:20:54.0"
"0225327","584","2468","1","m12va2","2017-01-31","","3","2017-01-31","1","0","-4","-4.0","-4.0","-4.0","-4.0","-4.0","-4.0","-4.0","-4.0","","","","","","2:3","0.0","1.0","3.0","40.0","19.0","62.0","2017-01-31 22:16:07.0"
"0226430","538","2481","1","sc3va","2016-12-22","","1","2015-10-15","1","0","-4","-4.0","-4.0","-4.0","-4.0","-4.0","-4.0","-4.0","-4.0","","","","","","1","20.0","0.0","0.0","45.0","14.0","63.0","2016-12-22 22:15:38.0"
"0228838","432","2509","1","sc3va","2016-05-04","","1","2015-12-17","1","0","-4","-4.0","-4.0","-4.0","-4.0","-4.0","-4.0","-4.0","-4.0","","","","","","1:2","40.0","-1.0","-1.0","12.0","19.0","32.0","2016-05-04 22:21:37.0"
"0232829","570","2550","1","sc3va","2016-12-23","","1","2016-07-14","1","0","-4","-4.0","-4.0","-4.0","-4.0","-4.0","-4.0","-4.0","-4.0","","","","","","1:2","20.0","6.0","-1.0","49.0","17.0","70.0","2016-12-23 22:15:12.0"
"0238639","504","2615","1","sc3va","2016-08-12","","2","2016-07-08","1","0","-4","-4.0","-4.0","-4.0","-4.0","-4.0","-4.0","-4.0","-4.0","","","","","","1","50.0","0.0","0.0","11.0","16.0","27.0","2016-08-12 22:20:32.0"
"0238942","434","2618","1","sc3va","2016-05-04","","1","2016-01-18","1","0","-4","-4.0","-4.0","-4.0","-4.0","-4.0","-4.0","-4.0","-4.0","","","","","","1","30.0","0.0","0.0","25.0","20.0","45.0","2016-05-04 22:21:37.0"
"0240727","668","2636","1","sc3va","2017-11-28","","0","","","","-4","-4.0","-4.0","-4.0","-4.0","-4.0","-4.0","-4.0","-4.0","","","","","","-4","-4.0","-4.0","-4.0","-4.0","-4.0","-4.0","2017-11-28 22:03:52.0"
"0242731","670","2661","1","sc3va","2017-11-28","","1","2017-01-12","1","0","-4","-4.0","-4.0","-4.0","-4.0","-4.0","-4.0","-4.0","-4.0","","","","","","1","40.0","0.0","0.0","30.0","15.0","52.0","2017-11-28 22:03:52.0"
"0244028","674","2674","1","sc3va","2017-11-28","","1","2016-07-06","1","0","-4","-4.0","-4.0","-4.0","-4.0","-4.0","-4.0","-4.0","-4.0","","","","","","1","35.0","0.0","0.0","14.0","13.0","29.0","2017-11-28 22:03:52.0"
"0244533","436","2679","1","sc3va","2016-05-04","","1","2016-03-03","1","0","-4","-4.0","-4.0","-4.0","-4.0","-4.0","-4.0","-4.0","-4.0","","","","","","1:2:3","20.0","1.0","1.0","2.0","18.0","20.0","2016-05-04 22:21:37.0"
"0250427","520","2744","1","sc3va","2016-12-22","","1","2016-04-13","1","1","1:2","2.0","46.0","8.0","3.0","0.0","0.0","-1.0","26.0","","","","","","-4","-4.0","-4.0","-4.0","-4.0","-4.0","-4.0","2016-12-22 22:15:38.0"
"0258140","566","2827","1","sc3va","2016-12-23","","1","2016-07-06","1","1","1","8.0","14.0","-1.0","-1.0","-1.0","-1.0","48.0","18.0","2","0","2","1","0","-4","-4.0","-4.0","-4.0","-4.0","-4.0","-4.0","2016-12-23 22:15:12.0"
"0258140","626","2827","1","m12va2","2017-11-03","","1","2017-07-12","1","1","1","13.0","0.5","-1.0","-1.0","-1.0","-1.0","50.0","18.0","2","0","2","0","0","-4","-4.0","-4.0","-4.0","-4.0","-4.0","-4.0","2017-11-03 22:02:53.0"
"0258443","526","2830","1","sc3va","2016-12-22","","1","2016-10-11","1","0","-4","-4.0","-4.0","-4.0","-4.0","-4.0","-4.0","-4.0","-4.0","","","","","","1:2:3","30.0","20.0","2.0","13.0","11.0","24.0","2016-12-22 22:15:38.0"
"0258948","508","2835","1","sc3va","2016-08-15","","1","2016-06-01","0","","-4","-4.0","-4.0","-4.0","-4.0","-4.0","-4.0","-4.0","-4.0","","","","","","-4","-4.0","-4.0","-4.0","-4.0","-4.0","-4.0","2016-08-15 22:21:11.0"
"0258948","628","2835","1","m12va2","2017-11-03","","1","2017-06-12","0","","-4","-4.0","-4.0","-4.0","-4.0","-4.0","-4.0","-4.0","-4.0","","","","","","-4","-4.0","-4.0","-4.0","-4.0","-4.0","-4.0","2017-11-03 22:02:53.0"
"0259041","490","2836","1","sc3va","2016-06-15","","1","2016-05-26","1","0","-4","-4.0","-4.0","-4.0","-4.0","-4.0","-4.0","-4.0","-4.0","","","","","","1:2:3","2.5","1.0","0.5","3.0","14.0","25.0","2016-06-15 22:22:57.0"
"0259546","630","2842","1","sc3va","2017-11-06","","1","2017-01-25","0","","-4","-4.0","-4.0","-4.0","-4.0","-4.0","-4.0","-4.0","-4.0","","","","","","-4","-4.0","-4.0","-4.0","-4.0","-4.0","-4.0","2017-11-06 22:02:50.0"
"0261230","522","2860","1","sc3va","2016-12-22","","1","2016-07-07","1","0","-4","-4.0","-4.0","-4.0","-4.0","-4.0","-4.0","-4.0","-4.0","","","","","","1","3.0","0.0","0.0","10.0","21.0","31.0","2016-12-22 22:15:38.0"
"0261230","618","2860","1","m12va2","2017-08-02","","1","2017-07-31","1","0","-4","-4.0","-4.0","-4.0","-4.0","-4.0","-4.0","-4.0","-4.0","","","","","","1","5.0","0.0","0.0","20.0","20.0","38.0","2017-08-02 22:09:12.0"
"0262939","606","2878","1","sc3va","2017-02-14","","1","2016-10-26","1","0","-4","-4.0","-4.0","-4.0","-4.0","-4.0","-4.0","-4.0","-4.0","","","","","","1:2:3","12.0","1.0","4.0","15.0","16.0","28.0","2017-02-14 22:15:47.0"
"0262939","632","2878","1","m12va2","2017-11-06","","1","2017-10-19","1","0","-4","-4.0","-4.0","-4.0","-4.0","-4.0","-4.0","-4.0","-4.0","","","","","","1:2:3","15.0","3.0","6.0","12.0","17.0","35.0","2017-11-06 22:02:50.0"
"0263537","512","2884","1","sc3va","2016-08-19","","1","2016-06-09","1","0","-4","-4.0","-4.0","-4.0","-4.0","-4.0","-4.0","-4.0","-4.0","","","","","","1:2:3","20.0","3.0","5.0","15.0","27.0","51.0","2016-08-29 13:08:28.0"
"0263537","650","2884","1","m12va2","2017-11-09","","1","2017-06-27","1","0","-4","-4.0","-4.0","-4.0","-4.0","-4.0","-4.0","-4.0","-4.0","","","","","","1:2","20.0","8.0","0.0","20.0","26.0","65.0","2017-11-09 22:02:48.0"
"0265743","580","2906","1","sc3va","2016-12-23","","1","2016-09-20","0","","-4","-4.0","-4.0","-4.0","-4.0","-4.0","-4.0","-4.0","-4.0","","","","","","-4","-4.0","-4.0","-4.0","-4.0","-4.0","-4.0","2016-12-23 22:15:12.0"
"0265743","634","2906","1","m12va2","2017-11-07","","1","2017-08-28","0","","-4","-4.0","-4.0","-4.0","-4.0","-4.0","-4.0","-4.0","-4.0","","","","","","-4","-4.0","-4.0","-4.0","-4.0","-4.0","-4.0","2017-11-07 22:02:49.0"
"0267141","636","2922","1","sc3va","2017-11-07","","1","2017-01-21","1","0","-4","-4.0","-4.0","-4.0","-4.0","-4.0","-4.0","-4.0","-4.0","","","","","","1","40.0","0.0","0.0","11.0","20.0","30.0","2017-11-07 22:02:49.0"
"0267646","638","2927","1","m12va2","2017-11-07","","1","2017-09-28","1","0","-4","-4.0","-4.0","-4.0","-4.0","-4.0","-4.0","-4.0","-4.0","","","","","","3","-1.0","-1.0","2.0","2.0","19.0","21.0","2017-11-07 22:02:49.0"
"0269852","640","2949","1","sc3va","2017-11-07","","1","2016-12-20","1","0","-4","-4.0","-4.0","-4.0","-4.0","-4.0","-4.0","-4.0","-4.0","","","","","","1:2:3","20.0","1.0","1.0","6.0","15.5","22.0","2017-11-07 22:02:49.0"
"0269953","516","2950","1","sc3va","2016-12-22","","1","2016-09-06","1","0","-4","-4.0","-4.0","-4.0","-4.0","-4.0","-4.0","-4.0","-4.0","","","","","","2:3","0.0","2.0","2.0","10.0","55.0","65.0","2016-12-22 22:15:38.0"
"0272740","642","2978","1","sc3va","2017-11-08","","1","2016-12-19","0","","-4","-4.0","-4.0","-4.0","-4.0","-4.0","-4.0","-4.0","-4.0","","","","","","-4","-4.0","-4.0","-4.0","-4.0","-4.0","-4.0","2017-11-08 22:02:46.0"
"0274744","644","2999","1","sc3va","2017-11-08","","1","2016-10-12","1","1","1","13.0","0.0","0.0","0.0","0.0","0.0","50.0","15.0","2","0","2","0","0","-4","-4.0","-4.0","-4.0","-4.0","-4.0","-4.0","2017-11-08 22:02:46.0"
"0275039","536","3002","1","sc3va","2016-12-22","","1","2016-09-15","0","","-4","-4.0","-4.0","-4.0","-4.0","-4.0","-4.0","-4.0","-4.0","","","","","","-4","-4.0","-4.0","-4.0","-4.0","-4.0","-4.0","2016-12-22 22:15:38.0"
"0276344","646","3015","1","sc3va","2017-11-08","","1","2017-08-01","1","0","-4","-4.0","-4.0","-4.0","-4.0","-4.0","-4.0","-4.0","-4.0","","","","","","1:2:3","30.0","1.0","1.0","21.0","12.0","32.0","2017-11-08 22:02:46.0"
"0278348","648","3035","1","sc3va","2017-11-08","","1","2017-04-20","1","1","2","0.0","0.0","0.1","30.0","0.0","0.0","50.0","18.0","","","","","","1","25.0","0.0","0.0","50.0","18.0","42.0","2017-11-08 22:02:46.0"
"0278752","652","3039","1","sc3va","2017-11-13","2017-11-13","1","2016-09-27","0","","-4","-4.0","-4.0","-4.0","-4.0","-4.0","-4.0","-4.0","-4.0","","","","","","-4","-4.0","-4.0","-4.0","-4.0","-4.0","-4.0","2017-11-13 22:02:55.0"
"0279350","532","3045","1","sc3va","2016-12-22","","1","2016-07-08","1","0","-4","-4.0","-4.0","-4.0","-4.0","-4.0","-4.0","-4.0","-4.0","","","","","","1","12.0","0.0","0.0","15.0","15.0","30.0","2016-12-22 22:15:38.0"
"0280032","534","3053","1","sc3va","2016-12-22","","1","2016-10-05","0","","-4","-4.0","-4.0","-4.0","-4.0","-4.0","-4.0","-4.0","-4.0","","","","","","-4","-4.0","-4.0","-4.0","-4.0","-4.0","-4.0","2016-12-22 22:15:38.0"
"0280840","654","3062","1","sc3va","2017-11-13","","1","2017-02-01","1","0","-4","-4.0","-4.0","-4.0","-4.0","-4.0","-4.0","-4.0","-4.0","","","","","","1","40.0","0.0","0.0","15.0","19.0","33.0","2017-11-13 22:02:55.0"
"0281943","604","3074","1","sc3va","2017-02-14","","1","2016-11-21","0","","-4","-4.0","-4.0","-4.0","-4.0","-4.0","-4.0","-4.0","-4.0","","","","","","-4","-4.0","-4.0","-4.0","-4.0","-4.0","-4.0","2017-02-14 22:15:47.0"
"0282339","656","3078","1","sc3va","2017-11-16","","1","2017-02-01","0","","-4","-4.0","-4.0","-4.0","-4.0","-4.0","-4.0","-4.0","-4.0","","","","","","-4","-4.0","-4.0","-4.0","-4.0","-4.0","-4.0","2017-11-16 22:02:47.0"
"0282743","658","3082","1","sc3va","2017-11-16","","1","2017-04-25","0","","-4","-4.0","-4.0","-4.0","-4.0","-4.0","-4.0","-4.0","-4.0","","","","","","-4","-4.0","-4.0","-4.0","-4.0","-4.0","-4.0","2017-11-16 22:02:47.0"
"0285951","676","3117","1","sc3va","2017-11-29","","1","2017-02-23","1","","2","-4.0","-4.0","0.0","10.0","-4.0","-4.0","50.0","16.0","","","","","","1:2","10.0","0.0","0.0","50.0","16.0","40.0","2017-11-29 22:02:49.0"
"0286953","666","3128","1","sc3va","2017-11-21","","1","2016-12-08","1","1","1","25.0","50.0","-1.0","-1.0","-1.0","-1.0","55.0","13.0","1","1","2","1","1","-4","-4.0","-4.0","-4.0","-4.0","-4.0","-4.0","2017-11-21 22:02:46.0"
"0288452","594","3145","1","sc3va","2017-02-14","","1","2016-12-29","1","0","-4","-4.0","-4.0","-4.0","-4.0","-4.0","-4.0","-4.0","-4.0","","","","","","1","50.0","60.0","0.0","35.0","12.0","50.0","2017-02-14 22:15:47.0"
"0293647","600","3201","1","sc3va","2017-02-14","","1","2016-12-08","1","0","-4","-4.0","-4.0","-4.0","-4.0","-4.0","-4.0","-4.0","-4.0","","","","","","1:2:3","10.0","1.0","1.0","30.0","17.0","37.0","2017-02-14 22:15:47.0"
"0302117","662","3294","1","sc3va","2017-11-21","","1","2017-02-23","1","0","-4","-4.0","-4.0","-4.0","-4.0","-4.0","-4.0","-4.0","-4.0","","","","","","1:3","20.0","0.0","5.0","5.0","16.0","21.0","2017-11-21 22:02:46.0"
"0302723","660","3300","1","sc3va","2017-11-21","","1","2017-01-10","1","1","2","0.0","2.0","0.0","25.0","0.0","0.0","49.0","27.0","","","","","","-4","-4.0","-4.0","-4.0","-4.0","-4.0","-4.0","2017-11-21 22:02:46.0"
"0304020","664","3314","1","sc3va","2017-11-21","","1","2017-08-15","0","","-4","-4.0","-4.0","-4.0","-4.0","-4.0","-4.0","-4.0","-4.0","","","","","","-4","-4.0","-4.0","-4.0","-4.0","-4.0","-4.0","2017-11-21 22:02:46.0"
"0314831","678","3436","1","sc3va","2017-11-29","","1","2017-05-03","1","1","1","15.0","30.0","-1.0","-1.0","-1.0","-1.0","30.0","13.0","1","0","2","0","0","-4","-4.0","-4.0","-4.0","-4.0","-4.0","-4.0","2017-11-29 22:02:49.0"
"0316835","680","3459","1","sc3va","2017-11-29","","1","2017-03-23","0","","-4","-4.0","-4.0","-4.0","-4.0","-4.0","-4.0","-4.0","-4.0","","","","","","-4","-4.0","-4.0","-4.0","-4.0","-4.0","-4.0","2017-11-29 22:02:49.0"
"0317231","682","3463","1","sc3va","2017-11-30","","1","2017-04-27","1","0","-4","-4.0","-4.0","-4.0","-4.0","-4.0","-4.0","-4.0","-4.0","","","","","","1","15.0","0.0","0.0","37.0","16.0","53.0","2017-11-30 22:02:55.0"
"0334837","684","3655","1","sc3va","2017-11-30","","1","2017-08-07","0","","-4","-4.0","-4.0","-4.0","-4.0","-4.0","-4.0","-4.0","-4.0","","","","","","-4","-4.0","-4.0","-4.0","-4.0","-4.0","-4.0","2017-11-30 22:02:55.0"
